# x_m, y_m, w_tr_right_m, w_tr_left_m, curvature, heading_angle_rad
89657.12850642917,43129.13269639167,2.9124038679823374,2.9124038679823374,0.005613060777217366,0.003899978170514906
89657.11599023108,43128.433931156105,3.1988998768986154,3.1988998768986154,-0.008387535575927313,-0.01564136087209933
89657.10880970374,43127.72688215472,3.151627114182409,3.151627114182409,-0.05558176885153487,-0.06368575325005876
89657.07423073213,43127.02599305772,3.5671262129361057,3.5671262129361057,-0.12843983605968662,-0.11649283116623788
89656.9795192012,43126.345707535336,3.5196129246628494,3.5196129246628494,-0.20744401316988056,-0.16511752624355847
89656.79194101217,43125.70046925306,3.71714209132512,3.71714209132512,-0.2514981489682097,-0.16917272336252376
89656.48984001612,43125.10149609829,3.6684345393689712,3.6684345393689712,-0.2215961026757186,-0.13012635987161003
89656.09436831593,43124.54754066286,3.793407419202264,3.793407419202264,-0.16132754505075955,-0.09201975949361829
89655.63698504501,43124.034346229375,3.743860464635872,3.743860464635872,-0.11813272015916126,-0.07093737131596933
89655.14192689974,43123.55793982469,3.76444689890208,3.76444689890208,-0.09587758630657965,-0.06079152339410854
89654.61707525427,43123.11499101865,3.7152045914964544,3.7152045914964544,-0.08208177321982296,-0.05198920482714975
89654.06806064401,43122.7022578087,3.564815632275687,3.564815632275687,-0.06945967832563542,-0.04346351097243906
89653.50051360439,43122.316498192224,3.5162817543535225,3.5162817543535225,-0.05738038845554626,-0.03525318889559825
89652.92006467082,43121.95447016667,3.367222425026446,3.367222425026446,-0.04580071868916426,-0.027274291687001018
89652.3323443787,43121.61293172944,3.318204980084147,3.318204980084147,-0.033449338345035,-0.017900938179492343
89651.74290434289,43121.288544447765,3.277967432954908,3.277967432954908,-0.01690970154294937,-0.004615237227633351
89651.15394321282,43120.97387301963,3.228060941595992,3.228060941595992,0.09347688621092803,0.13393113891146768
89650.56324661616,43120.6558323509,3.2519720410776185,3.2519720410776185,-0.07796831228309388,-0.2629513637062968
89650.10002985939,43120.21150861385,3.2019797739796205,3.2019797739796205,-0.6350510251877416,5.839131956572527
89649.44606975296,43120.23112930703,3.3155567401810284,3.3155567401810284,-0.3520251431717139,-0.07720039117788158
89648.77977994068,43120.31837612292,3.266946146227835,3.266946146227835,-0.09125031833098046,-0.04711811188282011
89648.11222913665,43120.44360539232,3.4724729073320937,3.4724729073320937,-0.057260898252669994,-0.03128676463849622
89647.44301616437,43120.596438910965,3.4248890068624447,3.4248890068624447,-0.034218599493581504,-0.016086621940840207
89646.7717398473,43120.76649847452,3.627971988406783,3.627971988406783,-0.012556189872229919,-0.001467222352759201
89646.09799900893,43120.94340587869,3.584063660230962,3.584063660230962,0.0054664677230522336,0.00907025368311265
89645.42140673932,43121.11695065407,3.829353947780551,3.829353947780551,0.014641470072708022,0.011400670477625052
89644.7420271045,43121.282224547045,3.786667719285693,3.786667719285693,0.014621435656587831,0.009057854954184208
89644.06045624065,43121.44057496139,3.647126584486164,3.647126584486164,0.011091638340087695,0.0064718161548285025
89643.37732090864,43121.59370936011,3.60154480405547,3.60154480405547,0.007401221677171343,0.003894597261578703
89642.69324786929,43121.74333520625,3.48943510414841,3.48943510414841,0.003724421386826453,0.0013217448951299282
89642.0088638834,43121.8911599628,3.4406661268505263,3.4406661268505263,5.070312121648592e-05,-0.0012519554636689634
89641.32479571174,43122.038891092765,3.41255526376187,3.41255526376187,-0.0036315743512470846,-0.003831992077384605
89640.64167011518,43122.18823605918,3.36263235686691,3.36263235686691,-0.007340380866295504,-0.0064323849069487515
89639.96011385451,43122.34090232505,3.3608936824558278,3.3608936824558278,-0.012995877507772605,-0.011725107229058729
89639.2807590544,43122.4986086468,3.3109130226425147,3.3109130226425147,-0.02718172566059205,-0.02623141795552364
89638.60586754378,43122.66650506469,3.437851428542712,3.437851428542712,-0.05381278094593913,-0.048614901183931636
89637.94161541946,43122.85798296932,3.388318616610181,3.388318616610181,-0.08790209573493786,-0.07261167888326314
89637.29475438647,43123.08764567394,3.303268019990448,3.303268019990448,-0.12283704552183873,-0.09535079044617945
89636.67203614993,43123.37009649182,3.2534445344860248,3.2534445344860248,-0.14689705343910256,-0.10537235692027469
89636.07999873749,43123.71814919196,3.4051778874703813,3.4051778874703813,-0.14891912037539734,-0.10003600313101968
89635.52337150836,43124.12946997825,3.355314694349668,3.355314694349668,-0.13764059072348686,-0.09145980331024939
89635.00597378139,43124.59410348495,3.470722589960987,3.470722589960987,-0.12549172169021697,-0.08346170966847888
89634.53161494329,43125.10203688375,3.421363010552235,3.421363010552235,-0.11087664798662669,-0.07030798401053628
89634.10068237245,43125.643719064334,3.4810360932949305,3.4810360932949305,-0.0878341951350304,-0.05112181277029215
89633.70357188304,43126.21094703849,3.4312876299696997,3.4312876299696997,-0.059081613576136574,-0.030829593642960784
89633.3288654967,43126.795762545866,3.4873494808816576,3.4873494808816576,-0.0301706330202391,-0.011225080711169788
89632.96514523496,43127.39020732608,3.43752423425811,3.43752423425811,-0.006722535146828751,0.0018069827579783038
89632.6015897154,43127.98672966412,3.494913458362003,3.494913458362003,0.005005517387124339,0.005187659417540846
89632.23416025907,43128.58239986197,3.445441170714337,3.445441170714337,0.007118518743772381,0.0047864428412105475
89631.86312268006,43129.17722148261,3.4243586384105345,3.4243586384105345,0.006496416406719694,0.00433066377395086
89631.48881139145,43129.77124483523,3.3745312303884547,3.3745312303884547,0.005841598543673227,0.0038791728125895375
89631.11156080628,43130.36452022903,3.399171885379241,3.399171885379241,0.005195338019969637,0.003431513398469921
89630.73170533763,43130.95709797318,3.3495809722591106,3.3495809722591106,0.004556625218184128,0.0029872153653784927
89630.34957939855,43131.549028376896,3.358292085285333,3.358292085285333,0.003924429797558465,0.0025457968003679277
89629.96551740209,43132.14036174933,3.3085274612696787,3.3085274612696787,0.0032977038146868353,0.002106765836975999
89629.57985376132,43132.7311483997,3.310398181227081,3.310398181227081,0.002675384295958957,0.0016696221122525223
89629.19292288928,43133.32143863718,3.260405802612348,3.260405802612348,0.0020563951832385787,0.0012338579869166644
89628.80505919906,43133.91128277095,3.3704520247043783,3.3704520247043783,0.0014396489439628785,0.0007989597874402676
89628.4165971037,43134.50073111021,3.320792697207437,3.320792697207437,0.0008240478511239449,0.00036440876526100396
89628.02787101627,43135.08983396413,3.462073737029977,3.462073737029977,0.00020848495454640616,-7.031793784539886e-05
89627.6392153498,43135.67864164193,3.4125195062726363,3.4125195062726363,-0.00040815506544395174,-0.0005057463859290401
89627.25096451739,43136.267204452764,3.593913832426576,3.593913832426576,-0.0010270017188975084,-0.0009424142288239068
89626.86345293207,43136.85557270584,3.5454440854716327,3.5454440854716327,-0.0017092488328648802,-0.001465443061716698
89626.47701501306,43137.44379672467,3.4202980220566377,3.4202980220566377,-0.0027232237945803506,-0.0023663874281165675
89626.09204138484,43138.03205813665,3.370411309271745,3.370411309271745,-0.004260792324852516,-0.003622114779506802
89625.70911615432,43138.620990572505,3.341736854569654,3.341736854569654,-0.006095222916546277,-0.004938478313968098
89625.32886503068,43139.21132485175,3.291953192212319,3.291953192212319,-0.007967985809062978,-0.006249490884813191
89624.95191372292,43139.80379179381,3.42469170500754,3.42469170500754,-0.009827105246933665,-0.007551537590948509
89624.57888794014,43140.39912221814,3.375082215837203,3.375082215837203,-0.011663058968041264,-0.00883858049384667
89624.2104133914,43140.99804694421,3.424170418108589,3.424170418108589,-0.012943115571906612,-0.009373181454945811
89623.8471134385,43141.60129483177,3.3743208289683384,3.3743208289683384,-0.01187457846784178,-0.007368532942608752
89623.48880787395,43142.208923856495,3.4357697088428383,3.4357697088428383,-0.00755980551501909,-0.003311953081871266
89623.13334316327,43142.81934450254,3.3858697847599544,3.3858697847599544,-0.0016350171935329727,0.0009966444816216224
89622.77826835637,43143.430718947566,3.4764622500293734,3.4764622500293734,0.004451186555655476,0.0052984509564777404
89622.42113250305,43144.041209369214,3.4269284294218982,3.4269284294218982,0.010534054329776839,0.00960547263865763
89622.05948465313,43144.64897794511,3.4166148947608126,3.4166148947608126,0.016636760399603216,0.013926775066262387
89621.69087385638,43145.25218685288,3.366731380670572,3.366731380670572,0.022158111877212436,0.017394818123167344
89621.31284916267,43145.84899827017,3.361178010512379,3.361178010512379,0.023476491239850763,0.01576201281435985
89620.92397344815,43146.43827280868,3.3123097387265177,3.3123097387265177,0.01725634081403502,0.00859561438633305
89620.52773932862,43147.02226722185,3.3180044590371955,3.3180044590371955,0.006187223582762278,0.00013204768990870974
89620.1291356448,43147.60426902592,3.268009573372149,3.268009573372149,-0.005239581626506522,-0.007526959829838198
89619.73315157686,43148.18756597098,3.337439677924108,3.337439677924108,-0.012878815666771348,-0.010629859239912776
89619.3438375261,43148.774776162834,3.2874766142401626,3.2874766142401626,-0.013873524822555692,-0.008911766176737945
89618.9609361712,43149.36544494782,3.3493751597999566,3.3493751597999566,-0.010683545818095472,-0.006119089601327232
89618.58295536414,43149.9582368528,3.2997068723033225,3.2997068723033225,-0.006721838340246862,-0.003321970208717495
89618.20840285344,43150.551816331,3.403527933151333,3.403527933151333,-0.002738815438451363,-0.0005134500768697592
89617.8357863878,43151.14484783566,3.354090538226484,3.354090538226484,0.0012818038745158985,0.002314427708894229
89617.46361371597,43151.73599582008,3.4535672560467123,3.4535672560467123,0.005280025646531124,0.005060967080523504
89617.09039258654,43152.32392473746,3.404127659084198,3.404127659084198,0.007434584076051366,0.005276229933507182
89616.71474484264,43152.907401817225,3.5243289962860302,3.5243289962860302,0.004253067026639258,0.0006013740838666237
89616.33785205019,43153.48750008456,3.4749806761166075,3.4749806761166075,-0.00436311514086859,-0.0066426827925876175
89615.96342019683,43154.06756656127,3.5665935824218247,3.5665935824218247,-0.014910371298094579,-0.01393004291310218
89615.59526230393,43154.65104468503,3.517193076517377,3.517193076517377,-0.02235483921724411,-0.016909927354570975
89615.23712245059,43155.24132244709,3.554757339614127,3.554757339614127,-0.01871525737988818,-0.008962635664695906
89614.8881929132,43155.83812707982,3.504887238510232,3.504887238510232,-0.0019472576197393737,0.0062740377754870735
89614.54036093668,43156.43531078945,3.561583381875056,3.561583381875056,0.0174701631586876,0.017890217245437157
89614.18485609026,43157.026196698425,3.511858381852903,3.511858381852903,0.020824427760040596,0.010773091632609866
89613.81795404313,43157.6072482832,3.559380933930424,3.559380933930424,-0.0023511956362593147,-0.014121295822618674
89613.45289488937,43158.18548654041,3.5095912174350263,3.5095912174350263,-0.041556787745269476,-0.042730090511795105
89613.1064798661,43158.77014868313,3.590281706629869,3.590281706629869,-0.08608434964009988,-0.07413687303053784
89612.79584165134,43159.37033173604,3.5405947960489144,3.5405947960489144,-0.13637827722665227,-0.1096538383211163
89612.54222711593,43159.993392558,3.5842185082908897,3.5842185082908897,-0.18869471146414457,-0.14296241568110113
89612.36966697834,43160.6455105334,3.534628212279843,3.534628212279843,-0.2146348412132537,-0.14797156410100043
89612.29941938391,43161.33095202221,3.5669168699146585,3.5669168699146585,-0.1930070673770586,-0.12291460762484085
89612.32571159047,43162.0358924748,3.517048244833944,3.517048244833944,-0.1591415847093435,-0.10438333319244797
89612.42813155592,43162.73663057278,3.6428761328597097,3.6428761328597097,-0.1519440189435636,-0.11062289221962862
89612.5991789331,43163.41542722246,3.593289427999132,3.593289427999132,-0.17126032793576615,-0.12770307907096434
89612.84729076848,43164.06194354112,3.6678385272904026,3.6678385272904026,-0.18913114929374128,-0.13318924040124114
89613.17913031825,43164.66668093153,3.618498072122217,3.618498072122217,-0.18800749727549387,-0.12617920968800633
89613.58646414975,43165.22227023929,3.5928311008558707,3.5928311008558707,-0.17872075205116117,-0.1199270899477507
89614.05628340569,43165.72215712854,3.542854501480764,3.542854501480764,-0.1736943394434374,-0.11785921017316392
89614.57924152105,43166.16110694836,3.5760397533483093,3.5760397533483093,-0.1727565350988462,-0.11762704461277473
89615.14868321741,43166.53485336811,3.5265413148699665,3.5265413148699665,-0.1732344245823195,-0.11821493992754623
89615.75801528327,43166.8391523887,3.5098167847031747,3.5098167847031747,-0.17447265688675784,-0.11954655628856192
89616.40064450714,43167.06976001104,3.460168468268027,3.460168468268027,-0.17601033812488942,-0.12125392598040244
89617.0699776775,43167.22243223603,3.450824180381612,3.450824180381612,-0.17644825078596674,-0.12246327460664955
89617.7584753358,43167.29303774442,3.4010765770246576,3.4010765770246576,-0.17841894997668775,-0.12597706304827663
89618.4505902839,43167.27839878471,3.480662919976398,3.480662919976398,-0.18870214720636827,-0.13544425235225402
89619.12674692408,43167.17581731026,3.430859954376195,3.430859954376195,-0.20928790137376233,-0.14832452691346493
89619.76760622012,43166.98263527194,3.53271918052684,3.53271918052684,-0.22945076013900212,-0.15452171799640912
89620.36294545868,43166.69743539946,3.4828039138480187,3.4828039138480187,-0.22640333655331876,-0.14385385659545058
89620.91357064033,43166.32077785466,3.5857694610242903,3.5857694610242903,-0.1953064802747905,-0.1202677221852747
89621.41738308898,43165.86615355805,3.535799128032868,3.535799128032868,-0.15835550291337264,-0.09641900191760522
89621.86830646913,43165.36130303556,3.478491707453345,3.478491707453345,-0.12460855515132352,-0.07047206416421736
89622.26690946451,43164.82948169814,3.428578784146356,3.428578784146356,-0.08211029751018357,-0.037704912785175515
89622.63586338,43164.27708304623,3.4826566795570373,3.4826566795570373,-0.03920546029093441,-0.014910206799772063
89622.99953701205,43163.70716113354,3.4327476172444484,3.4327476172444484,-0.016283295545486205,-0.007461278295581186
89623.36484883445,43163.12311176983,3.4082660193438272,3.4082660193438272,-0.008564422965909198,-0.00449115569645242
89623.73189529157,43162.52846437093,3.358285147266673,3.358285147266673,-0.004373598413070974,-0.0016927130543742397
89624.10075708067,43161.92674866105,3.2477347105196173,3.2477347105196173,-0.00046360703503977007,0.0010196803001525367
89624.47151489892,43161.321494364405,3.198120939616963,3.198120939616963,0.0031331865334903257,0.003436034829219281
89624.84424944362,43160.71623120523,3.192967712875346,3.192967712875346,0.005399886268486611,0.004241657916215447
89625.21893434747,43160.113906923376,3.1431510356653587,3.1431510356653587,0.005311545048077121,0.0032820762766603284
89625.59502336264,43159.514643277056,3.0530496378600747,3.0530496378600747,0.003667262193709136,0.0018972177780391952
89625.97181266699,43158.91770547732,3.003893789855326,3.003893789855326,0.0017028933163937214,0.0005015732328175204
89626.34859840333,43158.32235854476,3.0493623973539057,3.0493623973539057,-0.0002828007445255949,-0.0009018882992470889
89626.72467671445,43157.72786749996,2.9993990796822474,2.9993990796822474,-0.0022836880733368603,-0.0023102668648020686
89627.09934374319,43157.13349736353,3.064260542787147,3.064260542787147,-0.004293542945897623,-0.003720571273574391
89627.47189563232,43156.53851315604,3.0143377171766983,3.0143377171766983,-0.006305843121297817,-0.005129650297851285
89627.84162852468,43155.94217989808,3.0244933338249944,3.0244933338249944,-0.008313382914654499,-0.006533773626904438
89628.20783856307,43155.34376261025,2.974618549603846,2.974618549603846,-0.010099736979663888,-0.0076370362889433
89628.56982226363,43154.74252665017,3.0115681023745826,3.0115681023745826,-0.01086650229838573,-0.00761870063731096
89628.9271866937,43154.13801773251,2.9620723150700257,2.9620723150700257,-0.010145344813221038,-0.00663564293794594
89629.28041255048,43153.53057026092,3.002251697782945,3.002251697782945,-0.008641267440449487,-0.0055129797743302955
89629.63013303142,43152.92065631208,2.953649114689821,2.953649114689821,-0.007043153905705318,-0.0043938435287267374
89629.97698133411,43152.308747962685,3.121360994625469,3.121360994625469,-0.005451867950356832,-0.00327764307259093
89630.32159065593,43151.69531728941,3.078331551405635,3.078331551405635,-0.0038659587311625893,-0.002163627329222484
89630.66459419442,43151.08083636895,3.2503540568385594,3.2503540568385594,-0.0022836819000441226,-0.0010509268620555456
89631.00662514701,43150.46577727795,3.2068927924757302,3.2068927924757302,-0.0007030859012304138,6.140599002302238e-05
89631.34831671124,43149.85061209314,3.409037236525781,3.409037236525781,0.0008779043296826881,0.0011743574266362966
89631.6903020846,43149.23581289121,3.3608973329165672,3.3608973329165672,0.002461405293282498,0.0022889133570451747
89632.03321446452,43148.6218517488,3.450036825253827,3.450036825253827,0.004049492917128578,0.0034060196607923476
89632.37768704856,43148.00920074264,3.400414740927766,3.400414740927766,0.005644119367654984,0.004526542435529413
89632.72435303414,43147.39833194936,3.406585948326462,3.406585948326462,0.007247027783933121,0.005651226922350316
89633.07384561874,43146.78971744568,3.3671785496618027,3.3671785496618027,0.008859662998296677,0.006780654476600478
89633.4267979999,43146.18382930829,3.304349807706616,3.304349807706616,0.010453619620876067,0.007873813327033075
89633.78384337504,43145.58113961385,3.256078943448649,3.256078943448649,0.011422057114967082,0.008120145390427602
89634.14556982047,43144.982082980045,3.14405572786209,3.14405572786209,0.010677675355443766,0.006814931741590868
89634.51168397258,43144.38636226543,3.1018001849847834,3.1018001849847834,0.008263022462653149,0.004735149065165256
89634.88109002214,43143.79301414938,3.0112085983818244,3.0112085983818244,0.005264012627720176,0.002621815374012737
89635.25266288134,43143.20105100455,2.9667412060713083,2.9667412060713083,0.0022376054182267164,0.0005066016665367101
89635.62527746227,43142.60948520355,2.9120434465182243,2.9120434465182243,-0.0007871724470778446,-0.001606079635905866
89635.99780867704,43142.01732911901,2.863907883949541,2.863907883949541,-0.0038010485838314992,-0.003711903310984477
89636.36913143778,43141.42359512355,2.842227113101939,2.842227113101939,-0.00679214684607694,-0.005802836779096099
89636.73812065666,43140.82729558984,2.7928648247574395,2.7928648247574395,-0.006820052770470998,-0.0037824478205419343
89637.10365372604,43140.22744833604,2.91214658075404,2.91214658075404,0.007525750719357145,0.014546059012601642
89637.46749108082,43139.62940104936,2.863002716620437,2.863002716620437,0.04530006131543949,0.049684184380899166
89637.83983612114,43139.057038383646,3.0028267565168454,3.0028267565168454,0.0897367412019565,0.0704197821854241
89638.23242969887,43138.53762054763,2.9530645032817304,2.9530645032817304,0.08524470840283883,0.036178212183312186
89638.65288264523,43138.05484029476,3.0525622148494733,3.0525622148494733,0.06108101445266554,0.04376421418112719
89639.10835719244,43137.5343750143,3.002845975108116,3.002845975108116,0.11292797704767746,0.11509329570222282
89639.6254301728,43137.03468896748,2.9631843029956464,2.9631843029956464,0.17916598007836423,0.14565938516700183
89640.21979762243,43136.60920780456,2.913643604865233,2.913643604865233,0.1941320324427897,0.1408827094138408
89640.8765617604,43136.270141809895,2.923611573557805,2.923611573557805,0.18656594825445177,0.1368174037670185
89641.57619566673,43136.023464985774,2.873651789508283,2.873651789508283,0.18537647301477908,0.13896462916060448
89642.29917242118,43135.87515133441,2.8646235835531035,2.8646235835531035,0.19437582366161507,0.14741355093774092
89643.02596510366,43135.831174858045,2.81462438560976,2.81462438560976,0.213816329318794,0.16206136239795402
89643.73704679399,43135.89750955892,2.8725618008254763,2.8725618008254763,0.24306271999374993,0.1818500725673281
89644.41289057207,43136.080129439295,2.8228862709722486,2.8228862709722486,0.2709772507106091,0.19305442695032365
89645.03405102306,43136.38490572599,2.8870080091241928,2.8870080091241928,0.26369186639225156,0.17048374529637889
89645.59030136053,43136.80608527389,2.838299240150081,2.838299240150081,0.20947031340473923,0.12565076850806312
89646.08898266173,43137.31576246868,2.7103035054502205,2.7103035054502205,0.1447677531207801,0.08447541479192622
89646.53940831224,43137.88354468322,2.660336525554757,2.660336525554757,0.09119297842277012,0.04901053108207143
89646.95089169772,43138.47903929045,2.6565842749626323,2.6565842749626323,0.04692676679446676,0.018128945573304356
89647.33274620376,43139.071853663234,2.6068878887826776,2.6068878887826776,0.09128330598575643,0.11181242487886212
89647.69185518978,43139.63369067335,2.6833958302569,2.6833958302569,0.30149676044471724,0.2752433330916455
89647.91181271197,43140.24439471715,2.633505945061754,2.633505945061754,0.3971243923780299,0.24631670633994363
89647.93522468551,43140.94520304899,2.681607106470685,2.681607106470685,0.2596369932580088,0.1440527039261419
89647.82136695238,43141.68181006776,2.6325262633149578,2.6325262633149578,0.14831367917113614,0.084487320808601
89647.62996608122,43142.39953736507,2.405174764372955,2.405174764372955,0.11100363729456429,0.07630105537765663
89647.41026769356,43143.05252500071,2.3680663722982467,2.3680663722982467,0.13265953597186314,0.09903024137956362
89647.14936160402,43143.64722103059,2.235903369653794,2.235903369653794,0.1399585764338305,0.07860658918388852
89646.827414106,43144.20935905356,2.193630401946693,2.193630401946693,0.07792655946441857,0.023577759626151717
89646.47128019713,43144.76491113731,2.0986563334708426,2.0986563334708426,0.013259334360321466,-0.005295223499775403
89646.1085831211,43145.33356686847,2.0522388008695134,2.0522388008695134,-0.009128098833212944,-0.007119873651325381
89645.7437393811,43145.91612689896,2.0533371805354137,2.0533371805354137,-0.008700905231882638,-0.004986791882164887
89645.37684979025,43146.50987916046,2.004676445260253,2.004676445260253,-0.005653264876172381,-0.0029881378447114137
89645.00801516174,43147.11211158473,2.0227748395312384,2.0227748395312384,-0.002851282692012882,-0.0010784264740619776
89644.63733630873,43147.72011210342,1.972839881956608,1.972839881956608,-0.00020015882215327293,0.0007830012734966196
89644.2649140444,43148.33116864828,2.0399332939514987,2.0399332939514987,0.002382481352740241,0.00263222301844257
89643.89084918189,43148.94256915101,1.990591133156568,1.990591133156568,0.004727177860303036,0.004149954764978592
89643.51524265653,43149.55160619164,2.0860214286024603,2.0860214286024603,0.006095404639676992,0.004561933356209913
89643.13821973233,43150.15649759788,2.038174540604357,2.038174540604357,0.006080022489440075,0.0040860911237468045
89642.75995919551,43150.75749673534,2.2121344048155014,2.2121344048155014,0.005348313703151935,0.003493858572804598
89642.38064695844,43151.35512798068,2.164136072432964,2.164136072432964,0.004518619641999774,0.002891121854107226
89642.00046893347,43151.949915710575,2.3897458602839143,2.3897458602839143,0.0036684475464391158,0.002279600991229369
89641.61961103295,43152.542384301705,2.3436320540906546,2.3436320540906546,0.0028013951606541145,0.001661048534424392
89641.23825916911,43153.13305813068,2.6083263518389908,2.6083263518389908,0.0019211638875992556,0.0010372433468730513
89640.85659925437,43153.72246157421,2.561460196723924,2.561460196723924,0.0010315368458708473,0.00040998425514482406
89640.47481720104,43154.3111190089,2.8561094351061325,2.8561094351061325,0.00013635682178784792,-0.00021891608473145752
89640.09309892144,43154.89955481148,2.8106822896958943,2.8106822896958943,-0.0007604954022127089,-0.0008476368340644136
89639.7116303279,43155.48829335854,3.0300919959979606,3.0300919959979606,-0.0016551226129428948,-0.0014743548060507372
89639.33059733275,43156.07785902679,2.983238999707293,2.983238999707293,-0.0025296771118009844,-0.0020776992273421335
89638.95018584833,43156.66877619286,3.119891135792097,3.119891135792097,-0.003154172590935679,-0.0023581917095083504
89638.57056833162,43157.26153928722,3.0726904943136977,3.0726904943136977,-0.003168283281881135,-0.0021064338218121925
89638.19171149563,43157.85618483503,3.219085363739523,3.219085363739523,-0.0026389791391824846,-0.001618757800570858
89637.81342138353,43158.45239177365,3.17083795761078,3.17083795761078,-0.001943247626822749,-0.0011280224839755881
89637.43549977108,43159.04982954299,3.280511612000258,3.280511612000258,-0.0012491904273477421,-0.0006396854145154229
89637.05774843412,43159.64816758303,3.231448197200569,3.231448197200569,-0.0005596298495288635,-0.00015302473213285595
89636.67996914843,43160.24707533369,3.3656526595034677,3.3656526595034677,0.00012696811100819424,0.0003326789169522115
89636.30196368988,43160.84622223495,3.3168696575947543,3.3168696575947543,0.0008121266596601908,0.0008181415473784703
89635.92353383424,43161.44527772673,3.443270655302967,3.443270655302967,0.001497358368358548,0.0013040750134374335
89635.54448135736,43162.043911249,3.394869804145442,3.394869804145442,0.002187295036156607,0.001795617927662363
89635.16460803499,43162.64179224171,3.37847018446286,3.37847018446286,0.0029291731368462186,0.0023537940605931063
89634.78370843129,43163.23858978405,3.3292354738323957,3.3292354738323957,0.003794537337856539,0.0030181980506025496
89634.40147885737,43163.83396804058,3.367717510229322,3.367717510229322,0.004770002443262183,0.0037297456588709643
89634.01754464168,43164.42758762519,3.317857537605462,3.317857537605462,0.005783619162669641,0.004445218307558729
89633.6315295365,43165.01910907296,3.424237146226369,3.424237146226369,0.006804720616383143,0.00516399854184213
89633.24305729405,43165.60819291895,3.3766138510191155,3.3766138510191155,0.007833316443708348,0.0058863728299289875
89632.85175166653,43166.19449969824,3.5840200344973123,3.5840200344973123,0.008869954497008385,0.006612551920324172
89632.45723640625,43166.77768994591,3.538487957366975,3.538487957366975,0.009915010369477315,0.007342657983474776
89632.0591352654,43167.357424197005,3.680486362523408,3.680486362523408,0.010968658646302375,0.00807671132754395
89631.65707199622,43167.93336298663,3.6315616364439633,3.6315616364439633,0.011813218086659402,0.00850913565832645
89631.25067035097,43168.50516684982,3.7133759809218905,3.7133759809218905,0.009501141891964377,0.004811006527627448
89630.83994426877,43169.072687214,3.663617229428744,3.663617229428744,-0.000373039112339778,-0.005364733667583277
89630.42979519644,43169.63816663644,3.7192932007169945,3.7192932007169945,-0.016980492023356046,-0.01839106896643683
89630.02845320667,43170.20547614801,3.6693756928319337,3.6693756928319337,-0.036160579965908365,-0.03182037271554128
89629.64421228964,43170.77851805015,3.7125729949073145,3.7125729949073145,-0.04758397276317364,-0.033607975366450216
89629.28536643542,43171.3611946442,3.6627218909263233,3.6627218909263233,0.04239608067392748,0.09268025649434586
89628.94636143484,43171.94852311558,3.77721693757542,3.77721693757542,0.24076465602341077,0.227351344970677
89628.49004863571,43172.45088053494,3.7275302150042817,3.7275302150042817,0.2901688019754214,0.174105442652694
89627.89896299213,43172.85419437832,3.8551867058184426,3.8551867058184426,0.16156558442647967,0.0695901391573277
89627.24015187552,43173.19815880933,3.8058334627934993,3.8058334627934993,0.03240939643927272,-0.0214644745555872
89626.58079951377,43173.5225550779,3.8354306013293824,3.8354306013293824,-0.08497403785791252,-0.10757548393254135
89625.98809013475,43173.86716443392,3.785656785728595,3.785656785728595,-0.06687596611866024,0.03219269192621743
89625.50705791278,43174.25446957593,3.758760189692469,3.758760189692469,0.20461253350999928,0.21938334343497923
89624.95259700202,43174.52521476773,3.710046500955488,3.710046500955488,0.26719905755060663,0.1094434262255275
89624.35678069308,43174.6700922464,3.5675604936614893,3.5675604936614893,0.08054600586315354,-0.011491262195608254
89623.77179829688,43174.810778678126,3.5176159618960074,3.5176159618960074,-0.04905210932238951,-0.04865412651465162
89623.1155015889,43174.98542356275,3.633766473512949,3.633766473512949,-0.0937246495339423,-0.0832183349159803
89622.46458367653,43175.21146812112,3.583786650545651,3.583786650545651,-0.12028004601258692,-0.08130253096592677
89621.85427521524,43175.49012045207,3.5902745281047923,3.5902745281047923,-0.12204705852140557,-0.08109163923516904
89621.27063476677,43175.80591105508,3.540398692828179,3.540398692828179,-0.16658940975750045,-0.14143477394902337
89620.72566554107,43176.17131725568,3.549779491936665,3.549779491936665,-0.20228242756082307,-0.1195257467030042
89620.27331223401,43176.61981790188,3.499857006236165,3.499857006236165,-0.22830395703760745,-0.16244795799402345
89619.85649185267,43177.07344797545,3.5489788594680785,3.5489788594680785,-0.304513576559337,-0.21930203496610234
89619.5538527289,43177.66170289576,3.499051031484945,3.499051031484945,-0.2608623498442295,-0.13889034604414863
89619.36344783999,43178.29001896023,3.569981479930456,3.569981479930456,-0.13497375137711745,-0.02522232659096546
89619.247504247,43178.88100495971,3.5202118788357524,3.5202118788357524,-0.016238226810194697,0.004693535279955974
89619.08887846071,43179.51251273159,3.536062556782499,3.536062556782499,-0.09103819083790589,-0.12876792838701312
89618.95131316944,43180.17141060212,3.486746401833992,3.486746401833992,-0.22992824137050635,-0.1702514723467281
89618.96427300118,43180.79497390202,3.4322060069827205,3.4322060069827205,-0.19680666135660663,-0.06942272103360336
89619.0429449793,43181.417654763056,3.3822113312133237,3.3822113312133237,-0.09546800119261836,-0.0527729487737465
89619.14690350673,43182.06504048557,3.425164074877073,3.425164074877073,-0.1285724488508249,-0.1204722466921242
89619.3026906328,43182.72868797417,3.3755157212175457,3.3755157212175457,-0.23758285183586494,-0.20609040239085274
89619.56584215115,43183.34610105703,3.369066982974264,3.369066982974264,-0.31405398508875526,-0.2069738814533092
89619.96312676292,43183.87642687677,3.3193690989190148,3.3193690989190148,-0.24998358768797155,-0.12756807330870568
89620.45697759114,43184.343626926886,3.335175702918598,3.335175702918598,-0.1277736431096849,-0.05133460415848212
89621.00346469086,43184.77807321801,3.285505865800713,3.285505865800713,-0.04274307521280699,-0.009562978666201372
89621.56297809415,43185.20691382305,3.2745154601806337,3.2745154601806337,-0.00909970531811988,-0.003335585680887654
89622.12449206038,43185.635964809495,3.2248836226620763,3.2248836226620763,-0.007355537018046274,-0.007070284553606476
89622.6885919524,43186.06237704223,3.2256021449011287,3.2256021449011287,-0.012679900994372557,-0.010871907847649465
89623.25589658825,43186.48327641907,3.175756982340279,3.175756982340279,-0.018137084463691076,-0.014748020516497262
89623.82702478598,43186.89578883778,3.221752998297913,3.221752998297913,-0.023780994615114508,-0.0187312743380329
89624.4025953635,43187.29704019614,3.1719722001389914,3.1719722001389914,-0.029678206362889033,-0.022849503034208074
89624.98322713892,43187.68415639194,3.32588062098866,3.32588062098866,-0.036752469843876936,-0.028351519883095144
89625.56953893024,43188.05426332297,3.2760922463746462,3.2760922463746462,-0.050855596809632524,-0.042128686526775705
89626.16255457363,43188.402747095904,3.370263052130788,3.370263052130788,-0.07876943300424812,-0.06605658644662932
89626.76548878007,43188.71558272322,3.3207864113072483,3.3207864113072483,-0.11834519736556445,-0.09390264019947225
89627.38229366134,43188.97557764712,3.410453798637909,3.410453798637909,-0.16270004882046837,-0.12221819984606791
89628.01692188549,43189.165536920766,3.3678726678706545,3.3678726678706545,-0.202189527788009,-0.14392804934303433
89628.6733261205,43189.26826559722,3.240703478647069,3.240703478647069,-0.21016610186142196,-0.13728091395912612
89629.3527087004,43189.27130017072,3.200256948091739,3.200256948091739,-0.17688709391800042,-0.10750619076478794
89630.040980403,43189.18848343137,3.1416782136215025,3.1416782136215025,-0.1372023115569594,-0.08482139939159736
89630.71876982722,43189.04274359104,3.0934463876708818,3.0934463876708818,-0.12698304700043483,-0.09043494590913098
89631.36978693999,43188.84833884456,3.0311287044337365,3.0311287044337365,-0.15450598819138112,-0.11722185360308984
89631.98734293506,43188.59252963724,2.9816879699136987,2.9816879699136987,-0.18838988435939852,-0.1327561662619322
89632.56667546144,43188.25794329845,3.023243117895019,3.023243117895019,-0.1905428142210657,-0.12338374914299544
89633.10469983025,43187.84276217222,2.9736670833800023,2.9736670833800023,-0.16564039264901984,-0.10431247968157586
89633.6001191064,43187.36174437148,3.03306123036754,3.03306123036754,-0.1380940991483264,-0.08836388382455251
89634.05172327306,43186.83045390099,2.9835373846289435,2.9835373846289435,-0.11689942503627043,-0.07557957875704202
89634.45830231337,43186.264454765536,3.1119763016935584,3.1119763016935584,-0.0966543455783103,-0.05846185470502896
89634.81967183936,43185.67889155414,3.064797902096236,3.064797902096236,-0.06453257825952602,-0.029379022569241853
89635.1500185382,43185.08303201832,3.23640590011485,3.23640590011485,-0.017221062941492365,0.005933674822663937
89635.47411342846,43184.48181560448,3.1893435287800616,3.1893435287800616,0.033373266907358264,0.039284758940319575
89635.81697353172,43183.88008115983,3.4677344748964027,3.4677344748964027,0.0725989217612353,0.062002104258633284
89636.20131709598,43183.28371617869,3.419526765793625,3.419526765793625,0.09525375703154478,0.0748603083560394
89636.63305466545,43182.70627544001,3.585009060264954,3.585009060264954,0.11198009107573868,0.08781656648388114
89637.11063402689,43182.16471805971,3.5350331273699034,3.5350331273699034,0.13312778569038314,0.10461543247221616
89637.63246925008,43181.67601853448,3.374463573506277,3.374463573506277,0.16149295985381465,0.12526906371272295
89638.19697440485,43181.25715136104,3.3249398701754176,3.3249398701754176,0.18931023757054202,0.13835942580699012
89638.80248737539,43180.924904117535,3.3054054355505667,3.3054054355505667,0.1914137627955244,0.12382497697432693
89639.4418851336,43180.682666246284,3.2555910667114407,3.2555910667114407,0.15925277197947757,0.09319072767698444
89640.0990246212,43180.51169689613,3.531398444177856,3.531398444177856,0.12783196654840484,0.07923027646300229
89640.75998677683,43180.39436550482,3.4844493692541736,3.4844493692541736,0.12143550434523541,0.08267309889208899
89641.42703610225,43180.3298264226,3.84798527009633,3.84798527009633,0.12359905913598039,0.08342859156461005
89642.10697081036,43180.3223279727,3.802467617023771,3.802467617023771,0.11702811023290448,0.07742880480993293
89642.7969149177,43180.37093358341,4.065040294901689,4.065040294901689,0.1064143979858994,0.07116764906776431
89643.48745844624,43180.471203713525,4.01657781991724,4.01657781991724,0.09874913068646633,0.06730965563843805
89644.16906868812,43180.61863302458,4.171555786325192,4.171555786325192,0.09485356227489504,0.06483166946549498
89644.83221293538,43180.80871617801,4.122163602653975,4.122163602653975,0.08972352362667625,0.05760137670244264
89645.47047004581,43181.03656498265,4.222237619579778,4.222237619579778,0.07444876466474763,0.04226991586719664
89646.09310636927,43181.2953610298,4.172904312263754,4.172904312263754,0.052515427608019596,0.028702841581834004
89646.71382588112,43181.57786515614,4.151600758698702,4.151600758698702,0.03829560272202679,0.024008966996274583
89647.33751187263,43181.88015550888,4.103434742508448,4.103434742508448,0.03430709811737163,0.023932408632637625
89647.96145134557,43182.20116667985,3.924698360198323,3.924698360198323,0.034145105782284885,0.024276592839335753
89648.58268314849,43182.53992657433,3.877739091679354,3.877739091679354,0.03460564958069098,0.024899489130733476
89649.1982461299,43182.89546309763,3.653212915718665,3.653212915718665,0.03551479833105279,0.025706793376422787
89649.80517913835,43183.266804155006,3.6041195112197792,3.6041195112197792,0.035583472418841085,0.02492027193724322
89650.40068724217,43183.652914159895,3.471422721894244,3.471422721894244,0.032377771049213244,0.020947645723945807
89650.98487031646,43184.05165178063,3.421431719715204,3.421431719715204,0.025707736516290977,0.015344462027625627
89651.56028550089,43184.45993707073,3.6384960396098975,3.6384960396098975,0.01772360694357369,0.009626004092261664
89652.12956790942,43184.87466029959,3.5897246295231,3.5897246295231,0.009591778702036159,0.003867254865586256
89652.69535265592,43185.29271173656,3.994867933472152,3.994867933472152,0.0013925105881974014,-0.001913866656919061
89653.26027485424,43185.71098165096,3.947539350837407,3.947539350837407,-0.006841988943477608,-0.0077031034876309246
89653.8269696183,43186.126360312206,4.196963701704426,4.196963701704426,-0.01508122237973628,-0.013484197468134895
89654.39807206197,43186.53573798964,4.148891459155697,4.148891459155697,-0.023286961702944985,-0.01924173986595623
89654.97621729912,43186.93600495259,4.295057179598421,4.295057179598421,-0.0315086904472024,-0.02515998246319251
89655.56375786799,43187.32384594024,4.245833955378651,4.245833955378651,-0.04038064204071983,-0.031830566312826436
89656.15927796895,43187.69320480713,4.234878491757471,4.234878491757471,-0.051145119887845474,-0.03979651715150356
89656.75867947252,43188.03607442654,4.185420572524662,4.185420572524662,-0.06813063616173616,-0.053830992704272995
89657.35780677426,43188.3444058676,4.109170557369475,4.109170557369475,-0.1247396612220321,-0.1116157020368348
89657.95732743842,43188.606066076434,4.060759264413257,4.060759264413257,-0.23305646600616892,-0.18886570642051445
89658.59992085288,43188.77300536715,3.965113194252159,3.965113194252159,-0.29468127945820133,-0.21372085583393624
89659.29921734905,43188.79982070586,3.9168589478843048,3.9168589478843048,-0.31087191664082,-0.2333329577880074
89659.98731845923,43188.67527888404,3.775998942607627,3.775998942607627,-0.3503845385922353,-0.2479239298160983
89660.59424603773,43188.39402851739,3.727484502721661,3.727484502721661,-0.33840998003399986,-0.1943117869493487
89661.110929118,43187.983943195766,3.637319113382009,3.637319113382009,-0.23144862193378313,-0.113087342586763
89661.56786544083,43187.49445188404,3.5882402227893437,3.5882402227893437,-0.13064001470699055,-0.06403667652591905
89661.99053534643,43186.96433960099,3.529157118743108,3.529157118743108,-0.07581133851334014,-0.03976746164025102
89662.39107497668,43186.40657068591,3.480118521667976,3.480118521667976,-0.04275425811002126,-0.019594408637131577
89662.77971007153,43185.83041289987,3.424906795643416,3.424906795643416,-0.021209146698138184,-0.010172296467712783
89663.16620263149,43185.24492805926,3.3749253126930423,3.3749253126930423,-0.02229916250399234,-0.0212614571378974
89663.54777076677,43184.65360729552,3.4451381839238366,3.4451381839238366,-0.04631883625618258,-0.04414138752478358
89663.90794721465,43184.0538641278,3.395143788956318,3.395143788956318,-0.08109079416375284,-0.06920977648753057
89664.22957213347,43183.44280450405,3.462731277646403,3.462731277646403,-0.12245168272563356,-0.0992445007135665
89664.4954856519,43182.81753437781,3.413314195328404,3.413314195328404,-0.18151112079599147,-0.14639926755894384
89664.68394534322,43182.176024794615,3.3250697071572497,3.3250697071572497,-0.26599273117854266,-0.20539731209024414
89664.75589264878,43181.51951572869,3.275575405932451,3.275575405932451,-0.3227016109766582,-0.22032427253758402
89664.67414478947,43180.852862835774,3.2362888829807943,3.2362888829807943,-0.29950816388918056,-0.19039364633879052
89664.45115559187,43180.20458431839,3.1883314539152265,3.1883314539152265,-0.2568032562823708,-0.1635407557385351
89664.12380172226,43179.61425845926,3.0258741058022887,3.0258741058022887,-0.22419479793673605,-0.13362999914255136
89663.72120334947,43179.09447757693,2.976487465071222,2.976487465071222,-0.17588314919007342,-0.09569166945466945
89663.26201405263,43178.622305239325,2.9331519759212163,2.9331519759212163,-0.1288314205631059,-0.07515326969393277
89662.76002899818,43178.181277008654,2.883729083197077,2.883729083197077,-0.10724582028371278,-0.06933209045333166
89662.22091426214,43177.772360603296,2.868456752029448,2.868456752029448,-0.09336858686425456,-0.05786635551056074
89661.64999346535,43177.39662285764,2.818721532306669,2.818721532306669,-0.06982612196574778,-0.03830282628462678
89661.05549822774,43177.04582477926,2.8759323691915397,2.8759323691915397,-0.04005667443730251,-0.017466978986181658
89660.4465374346,43176.70892005792,2.8261588489763225,2.8261588489763225,-0.010850591523900218,0.0022066745358917395
89659.83222015286,43176.37486180149,2.960798440934623,2.960798440934623,0.010878067661705782,0.013017236723925851
89659.22116426217,43176.033286167534,2.911653627366801,2.911653627366801,0.016380433192418217,0.009922195217993313
89658.61532439693,43175.68309528354,3.050107898110708,3.050107898110708,0.007712679324984782,0.0008634818097439378
89658.01185564713,43175.3298655673,3.009099050773666,3.009099050773666,-0.005347406393672268,-0.008350038891256517
89657.40780727855,43174.97932059686,3.2788176243627998,3.2788176243627998,-0.018588292863300333,-0.017610659099299042
89656.8002285569,43174.63718395024,3.254748464220974,3.254748464220974,-0.03418605684463897,-0.03007184640610694
89656.18616874795,43174.30917920549,3.5098890260601023,3.5098890260601023,-0.06489322505160211,-0.06051573800828036
89655.56196206268,43174.00559133791,3.460878844898361,3.460878844898361,-0.12303032821023745,-0.1101335137431394
89654.92069316328,43173.757434481966,3.5059745324290184,3.5059745324290184,-0.16535822960911375,-0.11566380418137179
89654.25502828184,43173.59985473898,3.460459385637256,3.460459385637256,-0.1167024542141001,-0.044374293328621306
89653.57565166612,43173.505234026175,3.427053291604075,3.427053291604075,-0.028797790220884516,0.0050889269177938345
89652.90193505339,43173.40782535036,3.385613276310864,3.385613276310864,0.0034307165949794506,-0.0004507036761167704
89652.23054662463,43173.30735019544,3.330719887018481,3.330719887018481,-0.00861046645262421,-0.011179408013396674
89651.55579804495,43173.21040950137,3.282655579483202,3.282655579483202,-0.023958028568619415,-0.02143434533091071
89650.87200097948,43173.12360420812,3.4219141875377272,3.4219141875377272,-0.03320876085404843,-0.02463297330671832
89650.1734670934,43173.05353525565,3.3759389734689624,3.3759389734689624,0.02148242096128438,0.056376375231538045
89649.4609334374,43172.998584164685,3.461152644010436,3.461152644010436,0.22839826296898766,0.28817340434592653
89648.81461556704,43172.8554627374,3.412063364559088,3.412063364559088,0.4680974127917435,0.25834264049918776
89648.34023872713,43172.4806457946,3.338177599070764,3.338177599070764,0.17385914142368225,-0.02701776808088585
89647.83990661168,43172.04893126264,3.288202867234536,3.288202867234536,-0.06458244653449782,-0.06004791904798035
89647.25769028,43171.633089406045,3.5018308894195624,3.5018308894195624,-0.04274647185406133,-0.006100388993729222
89646.63449514107,43171.21681896742,3.455100619044619,3.455100619044619,0.024236978647877775,0.042614836066266815
89646.01122660379,43170.78381868928,3.520891755752787,3.520891755752787,0.0899883644987113,0.09544772806543733
89645.42879007707,43170.31778731418,3.4709877709037475,3.4709877709037475,0.1712106750730877,0.15897143050488705
89644.92809096987,43169.80242358471,3.5148477077041056,3.5148477077041056,0.2726750908576666,0.22508905719181005
89644.55003469114,43169.22142624338,3.46487552793876,3.46487552793876,0.34572525868208287,0.24596038693795408
89644.32919629062,43168.56444501416,3.4630858723945823,3.4630858723945823,0.3321137304800335,0.2188893316164895
89644.266087578,43167.853151454205,3.4142795668995527,3.4142795668995527,0.28079211481495436,0.19116447138162185
89644.34981316158,43167.119940689685,3.387652430632278,3.387652430632278,0.24452842149738502,0.17710608770997305
89644.56946944569,43166.39721555905,3.337859984539694,3.337859984539694,0.22991453883468793,0.17478790322534388
89644.91415283462,43165.71737890076,3.3285491661759874,3.3285491661759874,0.20930305959470624,0.1460691586923072
89645.37087748991,43165.11133428765,3.283031482922823,3.283031482922823,0.13202992719943374,0.05268699317844383
89645.88114435031,43164.57721466189,3.293853444898776,3.293853444898776,-0.002527155370108404,-0.06656487727399174
89646.34222449712,43164.08130638932,3.24502636457483,3.24502636457483,0.12205381897909094,0.2383218165837494
89646.68258975631,43163.60521406123,3.3045209570484806,3.3045209570484806,0.4618122600343295,0.28248209608545033
89647.31820536545,43163.350156068,3.255429361678197,3.255429361678197,0.17593576230404862,0.002399228247271734
89647.9896907452,43163.1125144992,3.3134220625786166,3.3134220625786166,-0.019572432270167466,-0.03049097692155983
89648.63790823265,43162.85631923009,3.264793185177228,3.264793185177228,-0.03540881740411933,-0.018177017925931238
89649.27110654606,43162.58793384125,3.205278386920786,3.205278386920786,-0.017074734850041923,-0.005078767635338599
89649.89753440383,43162.31372191324,3.1619889135453474,3.1619889135453474,0.0016691985565408035,0.007338067058231423
89650.52544052427,43162.04004702665,3.1370638109961897,3.1370638109961897,0.014269222091025558,0.012229929645407922
89651.16197671814,43161.7724335424,3.08905562398767,3.08905562398767,0.014438030741194393,0.00783462181268435
89651.80619940352,43161.51021221599,3.250561231580653,3.250561231580653,0.006126461837301577,0.000741009506197321
89652.45354109094,43161.249941231705,3.2101228482112223,3.2101228482112223,-0.003997382434350486,-0.006335668038299325
89653.09941729266,43160.98816576876,3.461773632028095,3.461773632028095,-0.013674918386028093,-0.012743140056426183
89653.73924352102,43160.72143100643,3.4249309426972414,3.4249309426972414,-0.016390462212108894,-0.009861016310323267
89654.36928400856,43160.44714796176,3.607853979798831,3.607853979798831,-0.0020967310957935364,0.007071641513021587
89654.99474051638,43160.17184543743,3.565905891296186,3.565905891296186,0.02664098083714234,0.029190278709813278
89655.62616850226,43159.90751390914,3.7833522963718993,3.7833522963718993,0.05754531274227978,0.04953008932412961
89656.27419574493,43159.66621771845,3.7391890196380135,3.7391890196380135,0.08247408405948223,0.0653629671097613
89656.94591272488,43159.460148742735,4.046473554967536,4.046473554967536,0.10212940410794599,0.07927916341453722
89657.63545027604,43159.3019661143,4.000302648783256,4.000302648783256,0.12303901379804173,0.09533795802847707
89658.3339720897,43159.20443594458,4.169714457643785,4.169714457643785,0.1487685231657751,0.11417279150669636
89659.03264185722,43159.180324345,4.120907240174649,4.120907240174649,0.17809465643043865,0.13365951918026658
89659.72262326995,43159.24239742702,4.114279849432664,4.114279849432664,0.20102891780690949,0.14381444560341874
89660.39485200644,43159.401540538296,4.0693882436044815,4.0693882436044815,0.20749503629383725,0.14289566072478738
89661.03878887542,43159.656473561125,3.8472833856132578,3.8472833856132578,0.20414695874894676,0.14054855241708936
89661.64330780879,43160.001075522334,3.804191932065014,3.804191932065014,0.20119250111907783,0.14033555930239727
89662.19728123385,43160.42921303948,3.6878028894867088,3.6878028894867088,0.19965961907379953,0.1404240048601818
89662.68958423188,43160.93474172765,3.643417412937468,3.643417412937468,0.19585783617520716,0.1377214165843057
89663.10978347759,43161.50864992389,3.2171738420132723,3.2171738420132723,0.1910417059901768,0.13550184751959904
89663.44905742168,43162.13524370249,3.16917529142264,3.16917529142264,0.19192907363883774,0.13847222454835761
89663.69881366583,43162.797879100224,3.0780545155582346,3.0780545155582346,0.20222716877143546,0.14724255789449248
89663.8504598118,43163.47991215389,3.028149346859605,3.028149346859605,0.22237305796857862,0.16158974826836858
89663.89540346127,43164.16469890026,3.046523014387685,3.046523014387685,0.25365686242251834,0.18717135924595163
89663.8250522159,43164.835595376106,2.996578435438762,2.996578435438762,0.30864299565936154,0.2320710862544546
89663.62709948707,43165.4492423519,3.2066430766842986,3.2066430766842986,0.2769891014629517,0.08741148821731715
89663.31022991482,43165.93489757933,3.1573490606595365,3.1573490606595365,-0.10887230877607652,-0.19882792404942862
89663.0161999407,43166.50297993152,3.282442447341985,3.282442447341985,-0.34719812223006746,-0.29149461900718454
89662.87579972693,43167.2175688517,3.233048418544179,3.233048418544179,-0.45800129585541394,-0.40229277685411025
89662.96786352008,43167.88066975186,3.299245551281154,3.299245551281154,-0.6604868383462437,-0.38144980489787195
89663.31703354152,43168.36461174502,3.2496821362781105,3.2496821362781105,-0.4336061233637017,-0.15016274479868597
89663.80502921109,43168.78170176866,3.239848868663333,3.239848868663333,-0.14534764164556888,-0.05175196005759375
89664.35498022643,43169.19024872809,3.1899169380983987,3.1899169380983987,-0.05492986059862045,-0.02650461607480059
89664.93252988164,43169.58699178344,3.27616458099413,3.27616458099413,-0.031167904591436597,-0.01721613677295053
89665.50735538777,43169.96802731474,3.226352698313093,3.226352698313093,-0.03000110978452838,-0.02372504835740985
89666.07821845711,43170.33187484717,3.276729396198872,3.276729396198872,-0.04495609107344574,-0.03667662542470196
89666.65866233058,43170.67828541355,3.2267630273596515,3.2267630273596515,-0.07315241322689617,-0.0627189808013181
89667.26063890207,43171.002754311485,3.3564731643669536,3.3564731643669536,-0.12341209337139561,-0.10724796989835006
89667.8863546456,43171.276437008455,3.3075773585044894,3.3075773585044894,-0.18687029258919682,-0.14706609660104397
89668.53451822653,43171.46216379857,3.27731232516645,3.27731232516645,-0.22292221131845263,-0.1512582141934109
89669.20086802769,43171.541608101885,3.2281338377411384,3.2281338377411384,-0.20913623815538376,-0.12975986091283304
89669.87643690831,43171.52635115308,3.1861495594792206,3.1861495594792206,-0.17460999057408036,-0.10783816367580376
89670.55184008059,43171.43062870765,3.1364548230923326,3.1364548230923326,-0.14333335499973748,-0.08907596497192052
89671.21769275673,43171.26867652104,3.110737453438259,3.110737453438259,-0.12334384236196425,-0.0806524975361183
89671.86461014897,43171.054730348704,3.060787306867727,3.060787306867727,-0.16467406516639296,-0.14558967440014503
89672.47829106914,43170.79485945724,3.243128246398548,3.243128246398548,-0.327931961358502,-0.2822485411125619
89673.00251577774,43170.42550343386,3.194650343974751,3.194650343974751,-0.37169659323243953,-0.1901992736542628
89673.38813535261,43169.88142249013,3.3162261508839674,3.3162261508839674,-0.13901540376419075,-0.007656187465588937
89673.75855945474,43169.30417879053,3.266247803319884,3.266247803319884,0.007423342412777666,0.01766778160959903
89674.1472020396,43168.7368049225,3.306646615276763,3.306646615276763,0.007706582804710118,-0.006936695038050944
89674.54070405889,43168.168832340416,3.256695519838805,3.256695519838805,-0.026115576053497687,-0.029096256993359715
89674.92570646417,43167.58979249863,3.273116518849591,3.273116518849591,-0.04656799127235724,-0.03587728770192311
89675.29093737107,43166.99113716241,3.223506889971777,3.223506889971777,-0.043073446991575996,-0.02490393320952644
89675.63862418896,43166.37673822365,3.375536706255546,3.375536706255546,-0.024146315821321793,-0.009336396526295143
89675.97636548548,43165.75540934872,3.3273739759649192,3.3273739759649192,-0.0023014627549205694,0.006139439338370911
89676.31177359006,43165.13597686568,3.4586382618652505,3.4586382618652505,0.019935675629455217,0.02204257621106054
89676.6524608322,43164.52726710262,3.4090515028231745,3.4090515028231745,0.041604210495526234,0.03584678842977773
89677.00603907666,43163.938105566056,3.553227880098341,3.553227880098341,0.05350554461065588,0.036931304121697206
89677.37779603167,43163.37320911894,3.505069070726061,3.505069070726061,0.04629205925047055,0.025106105239122933
89677.76529707656,43162.82364309183,3.658228782960061,3.658228782960061,0.033918646438765444,0.020494979404844238
89678.16481691872,43162.27812268041,3.608887109323807,3.608887109323807,0.04132673252286913,0.035539728657726144
89678.58032692867,43161.73727513504,3.7515538353647377,3.7515538353647377,0.06856305767165015,0.058216182024530716
89679.02380789771,43161.2141238132,3.7031438555908647,3.7031438555908647,0.06694294488432694,0.03422129722276701
89679.50427341834,43160.72009951835,3.656763234621779,3.656763234621779,-0.025372721331529333,-0.07112980730801088
89679.97854840268,43160.23272034875,3.6100570627331066,3.6100570627331066,-0.2098107628668183,-0.21374854564422585
89680.36212780885,43159.70264780193,3.268232325246164,3.268232325246164,-0.37105113375098897,-0.25925470194948086
89680.5833896781,43159.089828621625,3.222441412421267,3.222441412421267,-0.33327344250052104,-0.18396620212033765
89680.65958395641,43158.41775323031,3.000789003881809,3.000789003881809,-0.21062996858996796,-0.10816541604222452
89680.64243427981,43157.73423044976,2.953544575262286,2.953544575262286,-0.1252255633808564,-0.06243791223357631
89680.57190839166,43157.06320870431,2.807230112201634,2.807230112201634,-0.06775693195781436,-0.0285174748823096
89680.47133038272,43156.395003312056,2.7575659758678825,2.7575659758678825,-0.030935506203256375,-0.013651687749631547
89680.36097986033,43155.718516164976,2.7497893877126165,2.7497893877126165,-0.030227785981099167,-0.02804712916844032
89680.23915223299,43155.03627112213,2.700033521158736,2.700033521158736,-0.05960797289217531,-0.05498375485894824
89680.08940869522,43154.359921735326,2.961786096382225,2.961786096382225,-0.09887843316045392,-0.0820142426344832
89679.89503889272,43153.70128981486,2.9128339590116665,2.9128339590116665,-0.12842425987303147,-0.09333291969075219
89679.6417025414,43153.07090642153,3.035601006327966,3.035601006327966,-0.1295112515458202,-0.08174468022419412
89679.33353706231,43152.46923958622,2.9858685633970303,2.9858685633970303,-0.11408882932721545,-0.0724081255119624
89678.98329647146,43151.892081489925,3.1005497944506333,3.1005497944506333,-0.12417908906408268,-0.09539115710828039
89678.59340111823,43151.34391342258,3.0507731916072323,3.0507731916072323,-0.17264847911272374,-0.13580720315771533
89678.14388064788,43150.84801202548,3.195078814960441,3.195078814960441,-0.20094925107237643,-0.1322980807261387
89677.6193564957,43150.42215858902,3.146168866048644,3.146168866048644,-0.15656457138489208,-0.08231987485115111
89677.0376534737,43150.04900265457,3.3886444030404426,3.3886444030404426,-0.07724365014152508,-0.026905970037193416
89676.42577623416,43149.70148078045,3.3404610212118904,3.3404610212118904,-0.000645638181898681,0.025729076007443563
89675.81072974458,43149.3525291915,3.444710680900526,3.444710680900526,0.06351658537036205,0.06436478222229436
89675.21951876789,43148.9750843563,3.394836607588087,3.394836607588087,0.07013692506746816,0.03307979695236929
89674.66555877391,43148.55828027528,3.355806810934252,3.355806810934252,-0.017937303267661645,-0.05853750876380648
89674.11188052526,43148.1513061622,3.306063529229782,3.306063529229782,-0.10650267164449395,-0.08703149886756023
89673.51857088524,43147.80527554082,3.3530516870573326,3.3530516870573326,-0.08112803972178702,-0.02511912136913086
89672.89891933308,43147.49823174857,3.303128890352879,3.303128890352879,-0.002403060493908419,0.0218788951093134
89672.28605491319,43147.181082461146,3.512484227651937,3.512484227651937,-0.015895006578468304,-0.04460483106289859
89671.688857842,43146.851767272754,3.4631816740311336,3.4631816740311336,-0.15073060348045636,-0.16010044836584747
89671.06925724854,43146.599205497325,3.596363174369693,3.596363174369693,-0.25320037658854977,-0.17554159279928694
89670.40680889855,43146.474823582415,3.547733018241155,3.547733018241155,-0.21537380156995764,6.164029187693572
89669.71970474723,43146.44958359799,3.6678005638976265,3.6678005638976265,-0.1366561796418177,-0.07119546022683343
89669.02974163977,43146.486858439566,3.6185439682354463,3.6185439682354463,-0.08457852193810744,-0.04529302744010533
89668.34991293748,43146.55931132859,3.574347992377744,3.574347992377744,-0.05693978804869022,-0.03207432951627753
89667.67653055879,43146.65720943043,3.52646061979809,3.52646061979809,-0.037906743093775334,-0.019441125242540824
89667.0040466715,43146.77278250735,3.363297343564353,3.363297343564353,-0.019010193370936842,-0.006658747679662458
89666.32691344335,43146.89826032159,3.314824094445262,3.314824094445262,-0.0003762159714068755,0.005963245447208276
89665.63959366099,43147.0258698747,3.2072057476594025,3.2072057476594025,0.017566369024880433,0.018675170137719466
89664.93966745592,43147.14702772297,3.1572582375252365,3.1572582375252365,0.03540326938360167,0.03194493463643555
89664.23215312662,43147.25121665293,3.1870299356541767,3.1870299356541767,0.05440191484456096,0.04614295116806355
89663.52315477729,43147.327637164,3.1370304418965715,3.1370304418965715,0.07573543127204561,0.061838712523263784
89662.8187765122,43147.36548975562,3.2353493069572257,3.2353493069572257,0.1005666159206818,-6.203716611720354
89662.12512243562,43147.35397492722,3.1855094338465078,3.1855094338465078,0.129581143390149,0.0990396312065136
89661.44829665184,43147.28229317823,3.267627855736265,3.267627855736265,0.15822099099428982,0.11405386503375059
89660.79438639357,43147.13967012162,3.2182382155537965,3.2182382155537965,0.16763438854350246,0.1080362223672302
89660.16501129218,43146.921981447056,3.2369528606438887,3.2369528606438887,0.14755518569204468,0.08901351325799167
89659.55135390499,43146.64064646627,3.193171990179661,3.193171990179661,0.13197187429602078,0.09153075741165839
89658.95179577556,43146.30452603629,3.085444693745924,3.085444693745924,0.1521199212485165,0.1193657800150385
89658.38981525498,43145.90868401321,3.041412252226815,3.041412252226815,0.1999883100067696,0.1552104507352654
89657.89339485872,43145.4457080831,2.9892442112178355,2.9892442112178355,0.24327065273569481,0.1717014206269485
89657.48843333636,43144.90935995057,2.941050311916644,2.941050311916644,0.24043920675356803,0.15077218286830552
89657.17615731533,43144.30730188747,2.9837461520058586,2.9837461520058586,0.19428745491589203,0.11574270923890873
89656.94166041508,43143.65628569428,2.9346538035018384,2.9346538035018384,0.14235289119619965,0.08432080934424158
89656.76975752131,43142.97322021335,3.0192335686318525,3.0192335686318525,0.09935138691421588,0.0572910796578836
89656.6452635197,43142.27501428709,2.969296545266062,2.969296545266062,0.06689147817219523,0.037611553601501146
89656.55311300738,43141.57836912451,2.950801273283862,2.950801273283862,0.04779699442570585,0.028896552411992182
89656.48334381719,43140.89113462964,2.901978975726268,2.901978975726268,0.040071164754368505,0.02594566432833978
89656.43289547731,43140.20919006407,2.9075021987051906,2.9075021987051906,0.03581094502134404,0.022780919565307034
89656.39919722705,43139.52756531009,2.8628037419262093,2.8628037419262093,0.031534436815781705,0.020283673307361916
89656.37972751138,43138.84138520528,2.688358652536804,2.688358652536804,0.029299824936251637,0.020118114882310634
89656.37359594024,43138.14892235191,2.6422455885830503,2.6422455885830503,0.02993141024230158,0.021511780586907392
89656.38188113378,43137.45224907837,2.523472995263845,2.523472995263845,0.03196394405516298,0.023157904083930703
89656.40577923803,43136.75366451059,2.473579471810538,2.473579471810538,0.03438884359790791,0.024993974494073923
89656.44648639916,43136.05546777458,2.484572486414624,2.484572486414624,0.03717620501529602,0.027024709072482
89656.50519876323,43135.35995799631,2.434883744664622,2.434883744664622,0.03879837097130905,0.0270584905880642
89656.583089466,43134.669421947925,2.5005936107919844,2.5005936107919844,0.03440045072985602,0.020584481257116982
89656.67843581838,43133.984591689565,2.450996150421591,2.450996150421591,0.02151358727722249,0.009062030046401937
89656.78382997542,43133.30314703184,2.6060031294748263,2.6060031294748263,0.004343559874731502,-0.0030868654312337096
89656.89120230466,43132.62241248449,2.557941667432079,2.557941667432079,-0.013285053814179522,-0.015199313006005966
89656.99248317373,43131.93971255731,2.679823092603567,2.679823092603567,-0.03066406427450708,-0.02710582233411718
89657.07960295021,43131.25237176007,2.6304170036701144,2.6304170036701144,-0.04738143286555596,-0.038580335382730535
89657.14449200168,43130.55771460253,2.8385714400446447,2.8385714400446447,-0.0628726604003836,-0.04930938884507641
89657.17908069576,43129.8530655945,2.789764737338845,2.789764737338845,-0.053279235163350196,-0.02693337507667115
89657.17529940003,43129.13574924573,2.961780184721551,2.961780184721551,-0.037219082869962554,-0.02693337507667115
