x,y,z
89653.953125,43131.23046875,43.21699905395508
89660.3671875,43128.80859375,43.21699905395508
89660.4453125,43126.765625,43.182498931884766
89653.953125,43131.23046875,43.21699905395508
89660.4453125,43126.765625,43.182498931884766
89660.5078125,43124.859375,43.14799880981445
89653.953125,43131.23046875,43.21699905395508
89660.5078125,43124.859375,43.14799880981445
89660.1953125,43123.59375,43.14390182495117
89653.953125,43131.23046875,43.21699905395508
89660.1953125,43123.59375,43.14390182495117
89659.6640625,43122.515625,43.139801025390625
89653.953125,43131.23046875,43.21699905395508
89659.6640625,43122.515625,43.139801025390625
89658.765625,43121.46875,43.13570022583008
89653.953125,43131.23046875,43.21699905395508
89658.765625,43121.46875,43.13570022583008
89657.4921875,43120.578125,43.131500244140625
89653.953125,43131.23046875,43.21699905395508
89657.4921875,43120.578125,43.131500244140625
89655.921875,43119.5703125,43.12329864501953
89653.953125,43131.23046875,43.21699905395508
89655.921875,43119.5703125,43.12329864501953
89654.8203125,43118.96484375,43.1150016784668
89653.953125,43131.23046875,43.21699905395508
89654.8203125,43118.96484375,43.1150016784668
89653.6875,43118.34765625,43.1068000793457
89651.09375,43116.62109375,43.094398498535156
89650.578125,43116.11328125,43.090301513671875
89649.6796875,43116.40234375,43.08620071411133
89651.7890625,43117.12890625,43.0984992980957
89651.09375,43116.62109375,43.094398498535156
89649.6796875,43116.40234375,43.08620071411133
89652.6015625,43117.7109375,43.10260009765625
89651.7890625,43117.12890625,43.0984992980957
89649.6796875,43116.40234375,43.08620071411133
89653.6875,43118.34765625,43.1068000793457
89652.6015625,43117.7109375,43.10260009765625
89649.6796875,43116.40234375,43.08620071411133
89653.6875,43118.34765625,43.1068000793457
89649.6796875,43116.40234375,43.08620071411133
89648.640625,43116.62109375,43.082000732421875
89653.6875,43118.34765625,43.1068000793457
89648.640625,43116.62109375,43.082000732421875
89646.90625,43116.92578125,43.1150016784668
89653.6875,43118.34765625,43.1068000793457
89646.90625,43116.92578125,43.1150016784668
89644.875,43117.49609375,43.12329864501953
89653.6875,43118.34765625,43.1068000793457
89644.875,43117.49609375,43.12329864501953
89641.96875,43118.15234375,43.131500244140625
89653.6875,43118.34765625,43.1068000793457
89641.96875,43118.15234375,43.131500244140625
89640.296875,43118.6328125,43.13570022583008
89653.6875,43118.34765625,43.1068000793457
89640.296875,43118.6328125,43.13570022583008
89638.7578125,43118.82421875,43.137699127197266
89653.6875,43118.34765625,43.1068000793457
89638.7578125,43118.82421875,43.137699127197266
89636.5703125,43119.41015625,43.139801025390625
89653.6875,43118.34765625,43.1068000793457
89636.5703125,43119.41015625,43.139801025390625
89634.7109375,43120.16015625,43.14390182495117
89653.6875,43118.34765625,43.1068000793457
89634.7109375,43120.16015625,43.14390182495117
89633.4453125,43121.0,43.14799880981445
89653.6875,43118.34765625,43.1068000793457
89633.4453125,43121.0,43.14799880981445
89632.1875,43122.1484375,43.14799880981445
89653.6875,43118.34765625,43.1068000793457
89632.1875,43122.1484375,43.14799880981445
89631.078125,43123.4921875,43.14799880981445
89631.078125,43123.4921875,43.14799880981445
89636.9765625,43128.0390625,43.14799880981445
89638.2890625,43126.82421875,43.14799880981445
89653.6875,43118.34765625,43.1068000793457
89631.078125,43123.4921875,43.14799880981445
89638.2890625,43126.82421875,43.14799880981445
89653.6875,43118.34765625,43.1068000793457
89638.2890625,43126.82421875,43.14799880981445
89639.9921875,43126.1328125,43.14390182495117
89653.6875,43118.34765625,43.1068000793457
89639.9921875,43126.1328125,43.14390182495117
89641.9375,43125.65234375,43.139801025390625
89653.6875,43118.34765625,43.1068000793457
89641.9375,43125.65234375,43.139801025390625
89644.7734375,43125.08203125,43.13570022583008
89653.6875,43118.34765625,43.1068000793457
89644.7734375,43125.08203125,43.13570022583008
89646.625,43124.609375,43.131500244140625
89653.6875,43118.34765625,43.1068000793457
89646.625,43124.609375,43.131500244140625
89647.5390625,43124.43359375,43.12329864501953
89653.6875,43118.34765625,43.1068000793457
89647.5390625,43124.43359375,43.12329864501953
89648.3984375,43124.1953125,43.1150016784668
89653.6875,43118.34765625,43.1068000793457
89648.3984375,43124.1953125,43.1150016784668
89649.4609375,43124.30859375,43.082000732421875
89653.6875,43118.34765625,43.1068000793457
89649.4609375,43124.30859375,43.082000732421875
89650.171875,43124.5234375,43.090301513671875
89653.6875,43118.34765625,43.1068000793457
89650.171875,43124.5234375,43.090301513671875
89651.0078125,43125.01953125,43.0984992980957
89653.6875,43118.34765625,43.1068000793457
89651.0078125,43125.01953125,43.0984992980957
89651.78125,43125.78515625,43.1150016784668
89653.6875,43118.34765625,43.1068000793457
89651.78125,43125.78515625,43.1150016784668
89652.625,43126.79296875,43.131500244140625
89653.6875,43118.34765625,43.1068000793457
89652.625,43126.79296875,43.131500244140625
89653.0703125,43127.36328125,43.139801025390625
89653.6875,43118.34765625,43.1068000793457
89653.0703125,43127.36328125,43.139801025390625
89653.3515625,43127.80078125,43.14799880981445
89653.6875,43118.34765625,43.1068000793457
89653.3515625,43127.80078125,43.14799880981445
89653.578125,43128.32421875,43.16529846191406
89653.6875,43118.34765625,43.1068000793457
89653.578125,43128.32421875,43.16529846191406
89653.75,43128.8125,43.17390060424805
89653.6875,43118.34765625,43.1068000793457
89653.75,43128.8125,43.17390060424805
89653.875,43129.4609375,43.182498931884766
89653.6875,43118.34765625,43.1068000793457
89653.875,43129.4609375,43.182498931884766
89653.90625,43130.13671875,43.19969940185547
89653.953125,43131.23046875,43.21699905395508
89653.6875,43118.34765625,43.1068000793457
89653.90625,43130.13671875,43.19969940185547
89636.9765625,43128.0390625,43.14799880981445
89631.078125,43123.4921875,43.14799880981445
89629.96875,43125.3203125,43.14799880981445
89636.9765625,43128.0390625,43.14799880981445
89629.96875,43125.3203125,43.14799880981445
89628.6640625,43127.46875,43.14799880981445
89636.9765625,43128.0390625,43.14799880981445
89628.6640625,43127.46875,43.14799880981445
89627.015625,43130.07421875,43.14799880981445
89636.9765625,43128.0390625,43.14799880981445
89627.015625,43130.07421875,43.14799880981445
89625.1171875,43132.9453125,43.14799880981445
89636.9765625,43128.0390625,43.14799880981445
89625.1171875,43132.9453125,43.14799880981445
89623.171875,43135.70703125,43.14799880981445
89636.9765625,43128.0390625,43.14799880981445
89623.171875,43135.70703125,43.14799880981445
89621.8203125,43137.62890625,43.14799880981445
89636.9765625,43128.0390625,43.14799880981445
89621.8203125,43137.62890625,43.14799880981445
89620.59375,43139.94921875,43.14799880981445
89636.9765625,43128.0390625,43.14799880981445
89620.59375,43139.94921875,43.14799880981445
89618.40625,43143.703125,43.14799880981445
89636.9765625,43128.0390625,43.14799880981445
89618.40625,43143.703125,43.14799880981445
89616.8984375,43145.796875,43.14799880981445
89636.9765625,43128.0390625,43.14799880981445
89616.8984375,43145.796875,43.14799880981445
89615.03125,43148.76171875,43.14799880981445
89636.9765625,43128.0390625,43.14799880981445
89615.03125,43148.76171875,43.14799880981445
89613.953125,43150.33203125,43.14799880981445
89636.9765625,43128.0390625,43.14799880981445
89613.953125,43150.33203125,43.14799880981445
89612.9921875,43151.796875,43.14799880981445
89636.9765625,43128.0390625,43.14799880981445
89612.9921875,43151.796875,43.14799880981445
89612.21875,43153.14453125,43.14799880981445
89636.9765625,43128.0390625,43.14799880981445
89612.21875,43153.14453125,43.14799880981445
89611.765625,43154.08203125,43.14799880981445
89636.9765625,43128.0390625,43.14799880981445
89611.765625,43154.08203125,43.14799880981445
89611.140625,43155.09765625,43.14799880981445
89636.9765625,43128.0390625,43.14799880981445
89611.140625,43155.09765625,43.14799880981445
89610.1171875,43156.7265625,43.14799880981445
89636.9765625,43128.0390625,43.14799880981445
89610.1171875,43156.7265625,43.14799880981445
89609.671875,43157.56640625,43.14799880981445
89636.9765625,43128.0390625,43.14799880981445
89609.671875,43157.56640625,43.14799880981445
89609.171875,43158.4296875,43.14799880981445
89636.9765625,43128.0390625,43.14799880981445
89609.171875,43158.4296875,43.14799880981445
89608.6171875,43160.75390625,43.14799880981445
89636.9765625,43128.0390625,43.14799880981445
89608.6171875,43160.75390625,43.14799880981445
89608.7109375,43163.44921875,43.14799880981445
89636.9765625,43128.0390625,43.14799880981445
89608.7109375,43163.44921875,43.14799880981445
89609.3984375,43165.765625,43.14799880981445
89636.9765625,43128.0390625,43.14799880981445
89609.3984375,43165.765625,43.14799880981445
89610.828125,43167.859375,43.14799880981445
89610.828125,43167.859375,43.14799880981445
89611.5546875,43168.65625,43.14799880981445
89613.078125,43169.75,43.14799880981445
89610.828125,43167.859375,43.14799880981445
89613.078125,43169.75,43.14799880981445
89614.9453125,43170.66015625,43.14799880981445
89610.828125,43167.859375,43.14799880981445
89614.9453125,43170.66015625,43.14799880981445
89616.8203125,43171.10546875,43.14799880981445
89610.828125,43167.859375,43.14799880981445
89616.8203125,43171.10546875,43.14799880981445
89618.6875,43171.06640625,43.14799880981445
89610.828125,43167.859375,43.14799880981445
89618.6875,43171.06640625,43.14799880981445
89620.625,43170.83984375,43.14799880981445
89610.828125,43167.859375,43.14799880981445
89620.625,43170.83984375,43.14799880981445
89621.8046875,43170.43359375,43.14799880981445
89610.828125,43167.859375,43.14799880981445
89621.8046875,43170.43359375,43.14799880981445
89622.8671875,43169.62890625,43.14799880981445
89610.828125,43167.859375,43.14799880981445
89622.8671875,43169.62890625,43.14799880981445
89623.9921875,43168.76953125,43.14799880981445
89610.828125,43167.859375,43.14799880981445
89623.9921875,43168.76953125,43.14799880981445
89624.6640625,43167.9140625,43.14799880981445
89610.828125,43167.859375,43.14799880981445
89624.6640625,43167.9140625,43.14799880981445
89625.234375,43166.99609375,43.14799880981445
89610.828125,43167.859375,43.14799880981445
89625.234375,43166.99609375,43.14799880981445
89625.84375,43166.27734375,43.14799880981445
89610.828125,43167.859375,43.14799880981445
89625.84375,43166.27734375,43.14799880981445
89626.609375,43165.09765625,43.14799880981445
89610.828125,43167.859375,43.14799880981445
89626.609375,43165.09765625,43.14799880981445
89628.1953125,43162.65625,43.14799880981445
89610.828125,43167.859375,43.14799880981445
89628.1953125,43162.65625,43.14799880981445
89630.109375,43159.3515625,43.14799880981445
89610.828125,43167.859375,43.14799880981445
89630.109375,43159.3515625,43.14799880981445
89631.8671875,43156.5625,43.14799880981445
89610.828125,43167.859375,43.14799880981445
89631.8671875,43156.5625,43.14799880981445
89632.7421875,43154.87109375,43.14799880981445
89634.203125,43151.91796875,43.14799880981445
89635.1328125,43150.16796875,43.14799880981445
89636.5546875,43147.44140625,43.14799880981445
89637.7734375,43145.3359375,43.14799880981445
89639.109375,43143.37109375,43.14799880981445
89640.0546875,43141.73046875,43.14799880981445
89637.7734375,43145.3359375,43.14799880981445
89640.0546875,43141.73046875,43.14799880981445
89640.4921875,43140.96484375,43.14799880981445
89644.0,43142.9140625,43.14699935913086
89643.5234375,43143.40625,43.147499084472656
89641.0078125,43147.3984375,43.14780044555664
89644.0,43142.9140625,43.14699935913086
89641.0078125,43147.3984375,43.14780044555664
89639.2109375,43150.21875,43.14789962768555
89644.0,43142.9140625,43.14699935913086
89639.2109375,43150.21875,43.14789962768555
89637.796875,43152.453125,43.14799880981445
89644.0,43142.9140625,43.14699935913086
89637.796875,43152.453125,43.14799880981445
89636.1484375,43155.16015625,43.14799880981445
89644.0,43142.9140625,43.14699935913086
89636.1484375,43155.16015625,43.14799880981445
89633.6953125,43159.09375,43.14799880981445
89644.0,43142.9140625,43.14699935913086
89633.6953125,43159.09375,43.14799880981445
89632.171875,43161.49609375,43.14799880981445
89644.0,43142.9140625,43.14699935913086
89632.171875,43161.49609375,43.14799880981445
89630.0078125,43164.9140625,43.14799880981445
89630.0078125,43164.9140625,43.14799880981445
89628.625,43166.99609375,43.14799880981445
89627.671875,43168.5,43.14799880981445
89627.671875,43168.5,43.14799880981445
89626.75,43169.8671875,43.14799880981445
89626.234375,43170.734375,43.14799880981445
89630.0078125,43164.9140625,43.14799880981445
89627.671875,43168.5,43.14799880981445
89626.234375,43170.734375,43.14799880981445
89625.71875,43171.32421875,43.14799880981445
89625.21875,43171.71484375,43.14799880981445
89624.8203125,43172.0625,43.14799880981445
89623.109375,43172.5859375,43.14799880981445
89622.234375,43172.69921875,43.14799880981445
89621.15625,43172.95703125,43.14799880981445
89623.515625,43172.51953125,43.14799880981445
89623.109375,43172.5859375,43.14799880981445
89621.15625,43172.95703125,43.14799880981445
89623.515625,43172.51953125,43.14799880981445
89621.15625,43172.95703125,43.14799880981445
89620.0703125,43173.2890625,43.14799880981445
89623.515625,43172.51953125,43.14799880981445
89620.0703125,43173.2890625,43.14799880981445
89618.9140625,43173.7265625,43.14799880981445
89623.890625,43172.4296875,43.14799880981445
89623.515625,43172.51953125,43.14799880981445
89618.9140625,43173.7265625,43.14799880981445
89623.890625,43172.4296875,43.14799880981445
89618.9140625,43173.7265625,43.14799880981445
89618.15625,43174.171875,43.14799880981445
89623.890625,43172.4296875,43.14799880981445
89618.15625,43174.171875,43.14799880981445
89617.71875,43174.43359375,43.14799880981445
89623.890625,43172.4296875,43.14799880981445
89617.71875,43174.43359375,43.14799880981445
89617.2109375,43174.83984375,43.14799880981445
89624.421875,43172.25,43.14799880981445
89623.890625,43172.4296875,43.14799880981445
89617.2109375,43174.83984375,43.14799880981445
89624.421875,43172.25,43.14799880981445
89617.2109375,43174.83984375,43.14799880981445
89616.7890625,43175.37109375,43.14799880981445
89624.421875,43172.25,43.14799880981445
89616.7890625,43175.37109375,43.14799880981445
89616.328125,43176.0390625,43.14799880981445
89624.421875,43172.25,43.14799880981445
89616.328125,43176.0390625,43.14799880981445
89615.828125,43176.94140625,43.14799880981445
89624.8203125,43172.0625,43.14799880981445
89624.421875,43172.25,43.14799880981445
89615.828125,43176.94140625,43.14799880981445
89624.8203125,43172.0625,43.14799880981445
89615.828125,43176.94140625,43.14799880981445
89615.828125,43177.4296875,43.14799880981445
89624.8203125,43172.0625,43.14799880981445
89615.828125,43177.4296875,43.14799880981445
89615.703125,43178.1953125,43.14799880981445
89624.8203125,43172.0625,43.14799880981445
89615.703125,43178.1953125,43.14799880981445
89615.53125,43178.91796875,43.14799880981445
89624.8203125,43172.0625,43.14799880981445
89615.53125,43178.91796875,43.14799880981445
89615.2109375,43179.62109375,43.14799880981445
89624.8203125,43172.0625,43.14799880981445
89615.2109375,43179.62109375,43.14799880981445
89615.015625,43180.234375,43.14799880981445
89625.71875,43171.32421875,43.14799880981445
89624.8203125,43172.0625,43.14799880981445
89615.015625,43180.234375,43.14799880981445
89625.71875,43171.32421875,43.14799880981445
89615.015625,43180.234375,43.14799880981445
89614.9609375,43180.89453125,43.14799880981445
89625.71875,43171.32421875,43.14799880981445
89614.9609375,43180.89453125,43.14799880981445
89615.0078125,43181.44921875,43.14799880981445
89625.71875,43171.32421875,43.14799880981445
89615.0078125,43181.44921875,43.14799880981445
89615.125,43182.046875,43.14799880981445
89625.71875,43171.32421875,43.14799880981445
89615.125,43182.046875,43.14799880981445
89615.2265625,43183.07421875,43.14799880981445
89625.71875,43171.32421875,43.14799880981445
89615.2265625,43183.07421875,43.14799880981445
89615.421875,43184.203125,43.14799880981445
89626.234375,43170.734375,43.14799880981445
89625.71875,43171.32421875,43.14799880981445
89615.421875,43184.203125,43.14799880981445
89626.234375,43170.734375,43.14799880981445
89615.421875,43184.203125,43.14799880981445
89615.8828125,43185.08984375,43.14799880981445
89626.234375,43170.734375,43.14799880981445
89615.8828125,43185.08984375,43.14799880981445
89616.6328125,43186.10546875,43.14799880981445
89630.0078125,43164.9140625,43.14799880981445
89626.234375,43170.734375,43.14799880981445
89616.6328125,43186.10546875,43.14799880981445
89644.0,43142.9140625,43.14699935913086
89630.0078125,43164.9140625,43.14799880981445
89616.6328125,43186.10546875,43.14799880981445
89616.6328125,43186.10546875,43.14799880981445
89618.5625,43187.7890625,43.14799880981445
89621.1328125,43189.71484375,43.14799880981445
89616.6328125,43186.10546875,43.14799880981445
89621.1328125,43189.71484375,43.14799880981445
89623.421875,43191.28125,43.14799880981445
89616.6328125,43186.10546875,43.14799880981445
89623.421875,43191.28125,43.14799880981445
89624.71875,43191.99609375,43.14799880981445
89616.6328125,43186.10546875,43.14799880981445
89624.71875,43191.99609375,43.14799880981445
89625.78125,43192.44921875,43.14799880981445
89616.6328125,43186.10546875,43.14799880981445
89625.78125,43192.44921875,43.14799880981445
89626.859375,43192.83984375,43.14799880981445
89616.6328125,43186.10546875,43.14799880981445
89626.859375,43192.83984375,43.14799880981445
89628.21875,43193.05859375,43.14799880981445
89616.6328125,43186.10546875,43.14799880981445
89628.21875,43193.05859375,43.14799880981445
89630.03125,43192.8828125,43.14799880981445
89616.6328125,43186.10546875,43.14799880981445
89630.03125,43192.8828125,43.14799880981445
89631.359375,43192.72265625,43.14799880981445
89616.6328125,43186.10546875,43.14799880981445
89631.359375,43192.72265625,43.14799880981445
89632.6640625,43192.25390625,43.14799880981445
89616.6328125,43186.10546875,43.14799880981445
89632.6640625,43192.25390625,43.14799880981445
89634.0390625,43191.5859375,43.14799880981445
89616.6328125,43186.10546875,43.14799880981445
89634.0390625,43191.5859375,43.14799880981445
89635.703125,43190.28515625,43.14799880981445
89616.6328125,43186.10546875,43.14799880981445
89635.703125,43190.28515625,43.14799880981445
89636.8359375,43188.92578125,43.14799880981445
89616.6328125,43186.10546875,43.14799880981445
89636.8359375,43188.92578125,43.14799880981445
89637.6640625,43187.7109375,43.14799880981445
89616.6328125,43186.10546875,43.14799880981445
89637.6640625,43187.7109375,43.14799880981445
89638.6640625,43186.20703125,43.14799880981445
89616.6328125,43186.10546875,43.14799880981445
89638.6640625,43186.20703125,43.14799880981445
89639.171875,43185.3125,43.14799880981445
89645.296875,43184.74609375,43.14799880981445
89646.1328125,43185.4765625,43.14799880981445
89647.859375,43186.5859375,43.14799880981445
89645.296875,43184.74609375,43.14799880981445
89647.859375,43186.5859375,43.14799880981445
89651.2109375,43188.7421875,43.14799880981445
89645.296875,43184.74609375,43.14799880981445
89651.2109375,43188.7421875,43.14799880981445
89653.5234375,43190.234375,43.14799880981445
89645.296875,43184.74609375,43.14799880981445
89653.5234375,43190.234375,43.14799880981445
89655.96875,43191.74609375,43.14799880981445
89655.96875,43191.74609375,43.14799880981445
89657.0859375,43192.59375,43.14799880981445
89658.421875,43193.08984375,43.14799880981445
89645.296875,43184.74609375,43.14799880981445
89655.96875,43191.74609375,43.14799880981445
89658.421875,43193.08984375,43.14799880981445
89644.5703125,43184.27734375,43.14799880981445
89645.296875,43184.74609375,43.14799880981445
89658.421875,43193.08984375,43.14799880981445
89644.5703125,43184.27734375,43.14799880981445
89658.421875,43193.08984375,43.14799880981445
89660.3671875,43193.08984375,43.14799880981445
89644.5703125,43184.27734375,43.14799880981445
89660.3671875,43193.08984375,43.14799880981445
89661.6484375,43192.859375,43.14799880981445
89644.5703125,43184.27734375,43.14799880981445
89661.6484375,43192.859375,43.14799880981445
89662.84375,43192.203125,43.14799880981445
89643.9375,43183.9609375,43.14799880981445
89644.5703125,43184.27734375,43.14799880981445
89662.84375,43192.203125,43.14799880981445
89643.9375,43183.9609375,43.14799880981445
89662.84375,43192.203125,43.14799880981445
89663.7734375,43191.12109375,43.14799880981445
89643.9375,43183.9609375,43.14799880981445
89663.7734375,43191.12109375,43.14799880981445
89664.84375,43189.56640625,43.14799880981445
89643.9375,43183.9609375,43.14799880981445
89664.84375,43189.56640625,43.14799880981445
89666.1484375,43187.58984375,43.14799880981445
89642.6796875,43183.6953125,43.14799880981445
89643.9375,43183.9609375,43.14799880981445
89666.1484375,43187.58984375,43.14799880981445
89642.6796875,43183.6953125,43.14799880981445
89666.1484375,43187.58984375,43.14799880981445
89667.5859375,43185.30078125,43.14799880981445
89641.7890625,43183.60546875,43.14799880981445
89642.6796875,43183.6953125,43.14799880981445
89667.5859375,43185.30078125,43.14799880981445
89667.5859375,43185.30078125,43.14799880981445
89668.7421875,43183.296875,43.14799880981445
89669.1953125,43182.0234375,43.14799880981445
89667.5859375,43185.30078125,43.14799880981445
89669.1953125,43182.0234375,43.14799880981445
89669.3046875,43180.8984375,43.14799880981445
89667.5859375,43185.30078125,43.14799880981445
89669.3046875,43180.8984375,43.14799880981445
89668.9765625,43179.66015625,43.14799880981445
89667.5859375,43185.30078125,43.14799880981445
89668.9765625,43179.66015625,43.14799880981445
89668.4765625,43178.59375,43.14799880981445
89667.5859375,43185.30078125,43.14799880981445
89668.4765625,43178.59375,43.14799880981445
89667.8359375,43177.6640625,43.14799880981445
89667.5859375,43185.30078125,43.14799880981445
89667.8359375,43177.6640625,43.14799880981445
89666.6953125,43176.3828125,43.14799880981445
89667.5859375,43185.30078125,43.14799880981445
89666.6953125,43176.3828125,43.14799880981445
89665.8203125,43175.734375,43.14799880981445
89667.5859375,43185.30078125,43.14799880981445
89665.8203125,43175.734375,43.14799880981445
89664.8984375,43175.05078125,43.14799880981445
89667.5859375,43185.30078125,43.14799880981445
89664.8984375,43175.05078125,43.14799880981445
89663.125,43173.97265625,43.14799880981445
89667.5859375,43185.30078125,43.14799880981445
89663.125,43173.97265625,43.14799880981445
89661.515625,43173.0546875,43.14799880981445
89667.5859375,43185.30078125,43.14799880981445
89661.515625,43173.0546875,43.14799880981445
89659.78125,43172.0625,43.14799880981445
89667.5859375,43185.30078125,43.14799880981445
89659.78125,43172.0625,43.14799880981445
89658.0390625,43171.21875,43.14799880981445
89667.5859375,43185.30078125,43.14799880981445
89658.0390625,43171.21875,43.14799880981445
89656.140625,43170.5078125,43.14799880981445
89667.5859375,43185.30078125,43.14799880981445
89656.140625,43170.5078125,43.14799880981445
89654.65625,43170.38671875,43.14799880981445
89667.5859375,43185.30078125,43.14799880981445
89654.65625,43170.38671875,43.14799880981445
89653.3359375,43170.2109375,43.14799880981445
89667.5859375,43185.30078125,43.14799880981445
89653.3359375,43170.2109375,43.14799880981445
89651.9609375,43170.1171875,43.14799880981445
89667.5859375,43185.30078125,43.14799880981445
89651.9609375,43170.1171875,43.14799880981445
89650.3046875,43169.91015625,43.14799880981445
89667.5859375,43185.30078125,43.14799880981445
89650.3046875,43169.91015625,43.14799880981445
89649.390625,43169.66796875,43.14799880981445
89667.5859375,43185.30078125,43.14799880981445
89649.390625,43169.66796875,43.14799880981445
89648.8046875,43169.4140625,43.14799880981445
89649.3828125,43166.296875,43.14799880981445
89650.2734375,43166.0859375,43.14799880981445
89652.125,43165.28125,43.14799880981445
89649.3828125,43166.296875,43.14799880981445
89652.125,43165.28125,43.14799880981445
89653.90625,43164.56640625,43.14799880981445
89648.796875,43166.51953125,43.14799880981445
89649.3828125,43166.296875,43.14799880981445
89653.90625,43164.56640625,43.14799880981445
89653.90625,43164.56640625,43.14799880981445
89655.0859375,43164.24609375,43.14799880981445
89655.9375,43163.8984375,43.14799880981445
89653.90625,43164.56640625,43.14799880981445
89655.9375,43163.8984375,43.14799880981445
89657.1328125,43163.34375,43.14799880981445
89653.90625,43164.56640625,43.14799880981445
89657.1328125,43163.34375,43.14799880981445
89657.8984375,43162.95703125,43.14799880981445
89648.796875,43166.51953125,43.14799880981445
89653.90625,43164.56640625,43.14799880981445
89657.8984375,43162.95703125,43.14799880981445
89660.1484375,43165.16015625,43.14799880981445
89659.6875,43165.53515625,43.14799880981445
89659.390625,43165.88671875,43.14799880981445
89660.1484375,43165.16015625,43.14799880981445
89659.390625,43165.88671875,43.14799880981445
89659.0703125,43166.58203125,43.14799880981445
89660.1484375,43165.16015625,43.14799880981445
89659.0703125,43166.58203125,43.14799880981445
89658.65625,43167.58984375,43.14799880981445
89660.1484375,43165.16015625,43.14799880981445
89658.65625,43167.58984375,43.14799880981445
89658.6015625,43168.74609375,43.14799880981445
89660.453125,43164.50390625,43.14799880981445
89660.1484375,43165.16015625,43.14799880981445
89658.6015625,43168.74609375,43.14799880981445
89660.453125,43164.50390625,43.14799880981445
89658.6015625,43168.74609375,43.14799880981445
89658.9453125,43169.5859375,43.14799880981445
89660.453125,43164.50390625,43.14799880981445
89658.9453125,43169.5859375,43.14799880981445
89659.703125,43170.125,43.14799880981445
89660.453125,43164.50390625,43.14799880981445
89659.703125,43170.125,43.14799880981445
89660.265625,43170.55859375,43.14799880981445
89660.453125,43164.50390625,43.14799880981445
89660.265625,43170.55859375,43.14799880981445
89662.4453125,43171.9765625,43.14799880981445
89660.390625,43164.05859375,43.14799880981445
89660.453125,43164.50390625,43.14799880981445
89662.4453125,43171.9765625,43.14799880981445
89660.390625,43164.05859375,43.14799880981445
89662.4453125,43171.9765625,43.14799880981445
89663.984375,43172.9765625,43.14799880981445
89660.390625,43164.05859375,43.14799880981445
89663.984375,43172.9765625,43.14799880981445
89665.21875,43173.671875,43.14799880981445
89660.2109375,43163.65625,43.14799880981445
89660.390625,43164.05859375,43.14799880981445
89665.21875,43173.671875,43.14799880981445
89660.2109375,43163.65625,43.14799880981445
89665.21875,43173.671875,43.14799880981445
89666.828125,43174.578125,43.14799880981445
89660.2109375,43163.65625,43.14799880981445
89666.828125,43174.578125,43.14799880981445
89667.7578125,43174.9375,43.14799880981445
89659.9375,43163.23046875,43.14799880981445
89660.2109375,43163.65625,43.14799880981445
89667.7578125,43174.9375,43.14799880981445
89659.9375,43163.23046875,43.14799880981445
89667.7578125,43174.9375,43.14799880981445
89668.96875,43175.1015625,43.14799880981445
89659.9375,43163.23046875,43.14799880981445
89668.96875,43175.1015625,43.14799880981445
89670.484375,43174.98828125,43.14799880981445
89659.9375,43163.23046875,43.14799880981445
89670.484375,43174.98828125,43.14799880981445
89672.125,43174.703125,43.07740020751953
89659.9375,43163.23046875,43.14799880981445
89672.125,43174.703125,43.07740020751953
89673.3203125,43174.2890625,43.04209899902344
89659.9375,43163.23046875,43.14799880981445
89673.3203125,43174.2890625,43.04209899902344
89674.65625,43173.76953125,43.00669860839844
89659.9375,43163.23046875,43.14799880981445
89674.65625,43173.76953125,43.00669860839844
89675.546875,43172.8671875,42.936100006103516
89659.3671875,43162.82421875,43.14799880981445
89659.9375,43163.23046875,43.14799880981445
89675.546875,43172.8671875,42.936100006103516
89659.3671875,43162.82421875,43.14799880981445
89675.546875,43172.8671875,42.936100006103516
89676.078125,43172.02734375,42.90079879760742
89676.8203125,43170.86328125,42.86539840698242
89678.3125,43168.62109375,42.724098205566406
89679.5390625,43166.72265625,42.582801818847656
89676.8203125,43170.86328125,42.86539840698242
89679.5390625,43166.72265625,42.582801818847656
89680.03125,43165.8671875,42.44150161743164
89676.8203125,43170.86328125,42.86539840698242
89680.03125,43165.8671875,42.44150161743164
89680.5078125,43165.0234375,42.300201416015625
89676.078125,43172.02734375,42.90079879760742
89676.8203125,43170.86328125,42.86539840698242
89680.5078125,43165.0234375,42.300201416015625
89680.5078125,43165.0234375,42.300201416015625
89681.21875,43164.28515625,42.22959899902344
89681.828125,43163.65234375,42.15890121459961
89682.484375,43163.046875,42.08829879760742
89683.28125,43162.3203125,42.05289840698242
89684.0,43161.5234375,42.017601013183594
89681.828125,43163.65234375,42.15890121459961
89682.484375,43163.046875,42.08829879760742
89684.0,43161.5234375,42.017601013183594
89681.828125,43163.65234375,42.15890121459961
89684.0,43161.5234375,42.017601013183594
89684.2109375,43160.6328125,42.060001373291016
89680.5078125,43165.0234375,42.300201416015625
89681.828125,43163.65234375,42.15890121459961
89684.2109375,43160.6328125,42.060001373291016
89680.5078125,43165.0234375,42.300201416015625
89684.2109375,43160.6328125,42.060001373291016
89684.0234375,43158.9609375,42.10240173339844
89676.078125,43172.02734375,42.90079879760742
89680.5078125,43165.0234375,42.300201416015625
89684.0234375,43158.9609375,42.10240173339844
89676.078125,43172.02734375,42.90079879760742
89684.0234375,43158.9609375,42.10240173339844
89683.828125,43157.5546875,42.18709945678711
89676.078125,43172.02734375,42.90079879760742
89683.828125,43157.5546875,42.18709945678711
89683.5,43155.84375,42.27180099487305
89676.078125,43172.02734375,42.90079879760742
89683.5,43155.84375,42.27180099487305
89683.0703125,43154.0078125,42.35649871826172
89676.078125,43172.02734375,42.90079879760742
89683.0703125,43154.0078125,42.35649871826172
89682.8359375,43152.2421875,42.525901794433594
89676.078125,43172.02734375,42.90079879760742
89682.8359375,43152.2421875,42.525901794433594
89682.296875,43150.9921875,42.610599517822266
89676.078125,43172.02734375,42.90079879760742
89682.296875,43150.9921875,42.610599517822266
89681.8203125,43150.0859375,42.6953010559082
89676.078125,43172.02734375,42.90079879760742
89681.8203125,43150.0859375,42.6953010559082
89680.9140625,43148.7890625,42.737701416015625
89676.078125,43172.02734375,42.90079879760742
89680.9140625,43148.7890625,42.737701416015625
89680.046875,43147.67578125,42.779998779296875
89676.078125,43172.02734375,42.90079879760742
89680.046875,43147.67578125,42.779998779296875
89679.0703125,43146.96484375,42.8223991394043
89677.4375,43146.078125,42.86470031738281
89675.90625,43144.99609375,43.03409957885742
89674.0078125,43143.83203125,43.118900299072266
89674.0078125,43143.83203125,43.118900299072266
89673.4453125,43143.421875,43.16120147705078
89672.7578125,43143.04296875,43.2036018371582
89677.4375,43146.078125,42.86470031738281
89674.0078125,43143.83203125,43.118900299072266
89672.7578125,43143.04296875,43.2036018371582
89677.4375,43146.078125,42.86470031738281
89672.7578125,43143.04296875,43.2036018371582
89671.2421875,43142.78125,43.24599838256836
89679.0703125,43146.96484375,42.8223991394043
89677.4375,43146.078125,42.86470031738281
89671.2421875,43142.78125,43.24599838256836
89679.0703125,43146.96484375,42.8223991394043
89671.2421875,43142.78125,43.24599838256836
89669.7421875,43142.8515625,43.2672004699707
89679.0703125,43146.96484375,42.8223991394043
89669.7421875,43142.8515625,43.2672004699707
89667.9453125,43143.13671875,43.288299560546875
89679.0703125,43146.96484375,42.8223991394043
89667.9453125,43143.13671875,43.288299560546875
89665.1875,43143.56640625,43.3306999206543
89679.0703125,43146.96484375,42.8223991394043
89665.1875,43143.56640625,43.3306999206543
89663.6796875,43143.8046875,43.37300109863281
89679.0703125,43146.96484375,42.8223991394043
89663.6796875,43143.8046875,43.37300109863281
89663.1328125,43143.890625,43.35390090942383
89679.0703125,43146.96484375,42.8223991394043
89663.1328125,43143.890625,43.35390090942383
89662.390625,43144.0078125,43.334800720214844
89679.0703125,43146.96484375,42.8223991394043
89662.390625,43144.0078125,43.334800720214844
89661.7578125,43143.96484375,43.31570053100586
89679.0703125,43146.96484375,42.8223991394043
89661.7578125,43143.96484375,43.31570053100586
89661.2734375,43143.890625,43.29650115966797
89660.6953125,43143.5859375,43.277400970458984
89660.328125,43143.16796875,43.25830078125
89660.0,43142.8125,43.23910140991211
89659.59375,43133.76953125,43.218101501464844
89659.8515625,43132.6171875,43.21770095825195
89660.21875,43130.7734375,43.21730041503906
89659.2421875,43135.44140625,43.21849822998047
89659.59375,43133.76953125,43.218101501464844
89660.21875,43130.7734375,43.21730041503906
89659.2421875,43135.44140625,43.21849822998047
89660.21875,43130.7734375,43.21730041503906
89660.3671875,43128.80859375,43.21699905395508
89659.2421875,43135.44140625,43.21849822998047
89660.3671875,43128.80859375,43.21699905395508
89653.953125,43131.23046875,43.21699905395508
89659.140625,43137.34765625,43.21889877319336
89659.2421875,43135.44140625,43.21849822998047
89653.953125,43131.23046875,43.21699905395508
89659.140625,43138.953125,43.21929931640625
89659.140625,43137.34765625,43.21889877319336
89653.953125,43131.23046875,43.21699905395508
89659.3515625,43140.5390625,43.21969985961914
89659.140625,43138.953125,43.21929931640625
89653.953125,43131.23046875,43.21699905395508
89659.75,43142.24609375,43.220001220703125
89659.3515625,43140.5390625,43.21969985961914
89653.953125,43131.23046875,43.21699905395508
89660.0,43142.8125,43.23910140991211
89659.75,43142.24609375,43.220001220703125
89653.953125,43131.23046875,43.21699905395508
89660.0,43142.8125,43.23910140991211
89653.953125,43131.23046875,43.21699905395508
89653.8984375,43132.29296875,43.21849822998047
89660.0,43142.8125,43.23910140991211
89653.8984375,43132.29296875,43.21849822998047
89653.7890625,43134.15625,43.21929931640625
89660.0,43142.8125,43.23910140991211
89653.7890625,43134.15625,43.21929931640625
89653.6796875,43136.125,43.21969985961914
89660.6953125,43143.5859375,43.277400970458984
89660.0,43142.8125,43.23910140991211
89653.6796875,43136.125,43.21969985961914
89660.6953125,43143.5859375,43.277400970458984
89653.6796875,43136.125,43.21969985961914
89653.5859375,43137.79296875,43.21989822387695
89660.6953125,43143.5859375,43.277400970458984
89653.5859375,43137.79296875,43.21989822387695
89653.5078125,43139.28125,43.220001220703125
89660.6953125,43143.5859375,43.277400970458984
89653.5078125,43139.28125,43.220001220703125
89653.3828125,43141.41015625,43.220001220703125
89661.2734375,43143.890625,43.29650115966797
89660.6953125,43143.5859375,43.277400970458984
89653.3828125,43141.41015625,43.220001220703125
89661.2734375,43143.890625,43.29650115966797
89653.3828125,43141.41015625,43.220001220703125
89653.3125,43142.73828125,43.220001220703125
89679.0703125,43146.96484375,42.8223991394043
89661.2734375,43143.890625,43.29650115966797
89653.3125,43142.73828125,43.220001220703125
89679.0703125,43146.96484375,42.8223991394043
89653.3125,43142.73828125,43.220001220703125
89653.5625,43144.23828125,43.22959899902344
89679.0703125,43146.96484375,42.8223991394043
89653.5625,43144.23828125,43.22959899902344
89654.0859375,43145.51171875,43.23910140991211
89679.0703125,43146.96484375,42.8223991394043
89654.0859375,43145.51171875,43.23910140991211
89654.5078125,43146.38671875,43.24869918823242
89679.0703125,43146.96484375,42.8223991394043
89654.5078125,43146.38671875,43.24869918823242
89655.15625,43147.33203125,43.25830078125
89679.0703125,43146.96484375,42.8223991394043
89655.15625,43147.33203125,43.25830078125
89656.390625,43148.5546875,43.267799377441406
89679.0703125,43146.96484375,42.8223991394043
89656.390625,43148.5546875,43.267799377441406
89657.90625,43149.546875,43.277400970458984
89679.0703125,43146.96484375,42.8223991394043
89657.90625,43149.546875,43.277400970458984
89659.3203125,43150.390625,43.2869987487793
89679.0703125,43146.96484375,42.8223991394043
89659.3203125,43150.390625,43.2869987487793
89660.3984375,43151.046875,43.29180145263672
89679.0703125,43146.96484375,42.8223991394043
89660.3984375,43151.046875,43.29180145263672
89661.5,43151.30078125,43.29650115966797
89679.0703125,43146.96484375,42.8223991394043
89661.5,43151.30078125,43.29650115966797
89662.4453125,43151.2734375,43.30609893798828
89679.0703125,43146.96484375,42.8223991394043
89662.4453125,43151.2734375,43.30609893798828
89663.4140625,43151.1171875,43.31570053100586
89663.4140625,43151.1171875,43.31570053100586
89664.4609375,43150.921875,43.325199127197266
89665.3359375,43150.67578125,43.334800720214844
89679.0703125,43146.96484375,42.8223991394043
89663.4140625,43151.1171875,43.31570053100586
89665.3359375,43150.67578125,43.334800720214844
89679.0703125,43146.96484375,42.8223991394043
89665.3359375,43150.67578125,43.334800720214844
89666.296875,43150.453125,43.344398498535156
89679.0703125,43146.96484375,42.8223991394043
89666.296875,43150.453125,43.344398498535156
89667.53125,43150.21875,43.35390090942383
89679.0703125,43146.96484375,42.8223991394043
89667.53125,43150.21875,43.35390090942383
89668.71875,43150.109375,43.36349868774414
89679.0703125,43146.96484375,42.8223991394043
89668.71875,43150.109375,43.36349868774414
89669.7890625,43150.40234375,43.37300109863281
89679.0703125,43146.96484375,42.8223991394043
89669.7890625,43150.40234375,43.37300109863281
89670.8359375,43150.76953125,43.36240005493164
89679.0703125,43146.96484375,42.8223991394043
89670.8359375,43150.76953125,43.36240005493164
89672.1640625,43151.27734375,43.351898193359375
89679.0703125,43146.96484375,42.8223991394043
89672.1640625,43151.27734375,43.351898193359375
89673.0703125,43151.94140625,43.34130096435547
89679.0703125,43146.96484375,42.8223991394043
89673.0703125,43151.94140625,43.34130096435547
89674.09375,43152.69921875,43.3306999206543
89679.0703125,43146.96484375,42.8223991394043
89674.09375,43152.69921875,43.3306999206543
89674.890625,43153.18359375,43.325401306152344
89679.0703125,43146.96484375,42.8223991394043
89674.890625,43153.18359375,43.325401306152344
89675.546875,43153.578125,43.320098876953125
89679.0703125,43146.96484375,42.8223991394043
89675.546875,43153.578125,43.320098876953125
89676.265625,43154.015625,43.30950164794922
89679.0703125,43146.96484375,42.8223991394043
89676.265625,43154.015625,43.30950164794922
89676.578125,43154.4375,43.30690002441406
89679.0703125,43146.96484375,42.8223991394043
89676.578125,43154.4375,43.30690002441406
89676.8828125,43154.92578125,43.30419921875
89679.0703125,43146.96484375,42.8223991394043
89676.8828125,43154.92578125,43.30419921875
89677.1875,43155.61328125,43.29890060424805
89679.0703125,43146.96484375,42.8223991394043
89677.1875,43155.61328125,43.29890060424805
89677.3203125,43156.4375,43.288299560546875
89676.078125,43172.02734375,42.90079879760742
89679.0703125,43146.96484375,42.8223991394043
89677.3203125,43156.4375,43.288299560546875
89676.078125,43172.02734375,42.90079879760742
89677.3203125,43156.4375,43.288299560546875
89677.1796875,43156.94140625,43.285701751708984
89676.078125,43172.02734375,42.90079879760742
89677.1796875,43156.94140625,43.285701751708984
89676.8671875,43157.67578125,43.28310012817383
89676.078125,43172.02734375,42.90079879760742
89676.8671875,43157.67578125,43.28310012817383
89675.953125,43158.96484375,43.277801513671875
89676.078125,43172.02734375,42.90079879760742
89675.953125,43158.96484375,43.277801513671875
89675.4296875,43159.66015625,43.2672004699707
89676.078125,43172.02734375,42.90079879760742
89675.4296875,43159.66015625,43.2672004699707
89674.7421875,43160.796875,43.26459884643555
89676.078125,43172.02734375,42.90079879760742
89674.7421875,43160.796875,43.26459884643555
89673.921875,43162.03125,43.26190185546875
89676.078125,43172.02734375,42.90079879760742
89673.921875,43162.03125,43.26190185546875
89673.3515625,43162.98828125,43.25659942626953
89676.078125,43172.02734375,42.90079879760742
89673.3515625,43162.98828125,43.25659942626953
89672.5078125,43164.09375,43.25529861450195
89676.078125,43172.02734375,42.90079879760742
89672.5078125,43164.09375,43.25529861450195
89671.9609375,43165.05859375,43.25400161743164
89676.078125,43172.02734375,42.90079879760742
89671.9609375,43165.05859375,43.25400161743164
89671.75,43165.6484375,43.25130081176758
89676.078125,43172.02734375,42.90079879760742
89671.75,43165.6484375,43.25130081176758
89671.6171875,43166.3046875,43.24599838256836
89676.078125,43172.02734375,42.90079879760742
89671.6171875,43166.3046875,43.24599838256836
89671.28125,43166.88671875,43.23540115356445
89676.078125,43172.02734375,42.90079879760742
89671.28125,43166.88671875,43.23540115356445
89670.96875,43167.265625,43.230098724365234
89676.078125,43172.02734375,42.90079879760742
89670.96875,43167.265625,43.230098724365234
89670.640625,43167.65625,43.22480010986328
89676.078125,43172.02734375,42.90079879760742
89670.640625,43167.65625,43.22480010986328
89670.1171875,43167.8359375,43.21950149536133
89676.078125,43172.02734375,42.90079879760742
89670.1171875,43167.8359375,43.21950149536133
89669.75,43167.9453125,43.21419906616211
89676.078125,43172.02734375,42.90079879760742
89669.75,43167.9453125,43.21419906616211
89668.8125,43167.8515625,43.2036018371582
89676.078125,43172.02734375,42.90079879760742
89668.8125,43167.8515625,43.2036018371582
89668.2265625,43167.6953125,43.198299407958984
89659.3671875,43162.82421875,43.14799880981445
89676.078125,43172.02734375,42.90079879760742
89668.2265625,43167.6953125,43.198299407958984
89659.3671875,43162.82421875,43.14799880981445
89668.2265625,43167.6953125,43.198299407958984
89667.78125,43167.390625,43.19300079345703
89659.3671875,43162.82421875,43.14799880981445
89667.78125,43167.390625,43.19300079345703
89667.3515625,43166.890625,43.18239974975586
89659.3671875,43162.82421875,43.14799880981445
89667.3515625,43166.890625,43.18239974975586
89667.2734375,43166.375,43.177101135253906
89659.3671875,43162.82421875,43.14799880981445
89667.2734375,43166.375,43.177101135253906
89667.21875,43165.953125,43.17179870605469
89659.3671875,43162.82421875,43.14799880981445
89667.21875,43165.953125,43.17179870605469
89667.234375,43165.640625,43.16120147705078
89659.3671875,43162.82421875,43.14799880981445
89667.234375,43165.640625,43.16120147705078
89667.3828125,43164.76953125,43.15599822998047
89659.3671875,43162.82421875,43.14799880981445
89667.3828125,43164.76953125,43.15599822998047
89667.53125,43164.1171875,43.150699615478516
89658.734375,43162.69921875,43.14799880981445
89659.3671875,43162.82421875,43.14799880981445
89667.53125,43164.1171875,43.150699615478516
89658.734375,43162.69921875,43.14799880981445
89667.53125,43164.1171875,43.150699615478516
89667.578125,43163.29296875,43.14540100097656
89658.734375,43162.69921875,43.14799880981445
89667.578125,43163.29296875,43.14540100097656
89667.4296875,43162.51953125,43.140098571777344
89658.734375,43162.69921875,43.14799880981445
89667.4296875,43162.51953125,43.140098571777344
89667.171875,43161.703125,43.118900299072266
89658.734375,43162.69921875,43.14799880981445
89667.171875,43161.703125,43.118900299072266
89666.609375,43160.15234375,43.076499938964844
89657.8984375,43162.95703125,43.14799880981445
89658.734375,43162.69921875,43.14799880981445
89666.609375,43160.15234375,43.076499938964844
89657.8984375,43162.95703125,43.14799880981445
89666.609375,43160.15234375,43.076499938964844
89665.265625,43158.375,43.03409957885742
89648.796875,43166.51953125,43.14799880981445
89657.8984375,43162.95703125,43.14799880981445
89665.265625,43158.375,43.03409957885742
89648.796875,43166.51953125,43.14799880981445
89665.265625,43158.375,43.03409957885742
89663.9765625,43157.1640625,42.94940185546875
89648.796875,43166.51953125,43.14799880981445
89663.9765625,43157.1640625,42.94940185546875
89662.5078125,43156.35546875,42.86470031738281
89648.796875,43166.51953125,43.14799880981445
89662.5078125,43156.35546875,42.86470031738281
89660.8984375,43155.76171875,42.779998779296875
89648.796875,43166.51953125,43.14799880981445
89660.8984375,43155.76171875,42.779998779296875
89659.375,43155.44921875,42.6953010559082
89648.796875,43166.51953125,43.14799880981445
89659.375,43155.44921875,42.6953010559082
89657.4296875,43155.52734375,42.75189971923828
89648.796875,43166.51953125,43.14799880981445
89657.4296875,43155.52734375,42.75189971923828
89655.390625,43156.01953125,42.80849838256836
89648.421875,43167.0,43.14799880981445
89648.796875,43166.51953125,43.14799880981445
89655.390625,43156.01953125,42.80849838256836
89648.421875,43167.0,43.14799880981445
89655.390625,43156.01953125,42.80849838256836
89652.7421875,43156.97265625,42.92169952392578
89648.421875,43167.0,43.14799880981445
89652.7421875,43156.97265625,42.92169952392578
89649.1171875,43158.65625,43.0349006652832
89648.28125,43167.50390625,43.14799880981445
89648.421875,43167.0,43.14799880981445
89649.1171875,43158.65625,43.0349006652832
89648.28125,43167.50390625,43.14799880981445
89649.1171875,43158.65625,43.0349006652832
89644.6171875,43160.57421875,43.14799880981445
89648.21875,43168.3671875,43.14799880981445
89648.28125,43167.50390625,43.14799880981445
89644.6171875,43160.57421875,43.14799880981445
89648.390625,43168.92578125,43.14799880981445
89648.21875,43168.3671875,43.14799880981445
89644.6171875,43160.57421875,43.14799880981445
89648.390625,43168.92578125,43.14799880981445
89644.6171875,43160.57421875,43.14799880981445
89643.1953125,43161.5390625,43.14799880981445
89648.390625,43168.92578125,43.14799880981445
89643.1953125,43161.5390625,43.14799880981445
89642.3984375,43162.43359375,43.14799880981445
89648.8046875,43169.4140625,43.14799880981445
89648.390625,43168.92578125,43.14799880981445
89642.3984375,43162.43359375,43.14799880981445
89648.8046875,43169.4140625,43.14799880981445
89642.3984375,43162.43359375,43.14799880981445
89641.9609375,43163.25,43.14799880981445
89648.8046875,43169.4140625,43.14799880981445
89641.9609375,43163.25,43.14799880981445
89641.4375,43164.05859375,43.14799880981445
89667.5859375,43185.30078125,43.14799880981445
89648.8046875,43169.4140625,43.14799880981445
89641.4375,43164.05859375,43.14799880981445
89667.5859375,43185.30078125,43.14799880981445
89641.4375,43164.05859375,43.14799880981445
89641.078125,43164.9296875,43.14799880981445
89667.5859375,43185.30078125,43.14799880981445
89641.078125,43164.9296875,43.14799880981445
89640.703125,43166.2890625,43.14799880981445
89667.5859375,43185.30078125,43.14799880981445
89640.703125,43166.2890625,43.14799880981445
89640.53125,43167.68359375,43.14799880981445
89667.5859375,43185.30078125,43.14799880981445
89640.53125,43167.68359375,43.14799880981445
89640.5703125,43168.71484375,43.14799880981445
89640.5703125,43168.71484375,43.14799880981445
89640.7578125,43169.93359375,43.14799880981445
89641.5703125,43172.3984375,43.14799880981445
89640.5703125,43168.71484375,43.14799880981445
89641.5703125,43172.3984375,43.14799880981445
89643.046875,43174.3671875,43.14799880981445
89640.5703125,43168.71484375,43.14799880981445
89643.046875,43174.3671875,43.14799880981445
89643.9453125,43174.99609375,43.14799880981445
89640.5703125,43168.71484375,43.14799880981445
89643.9453125,43174.99609375,43.14799880981445
89644.609375,43175.46875,43.14799880981445
89640.5703125,43168.71484375,43.14799880981445
89644.609375,43175.46875,43.14799880981445
89645.609375,43175.8359375,43.14799880981445
89640.5703125,43168.71484375,43.14799880981445
89645.609375,43175.8359375,43.14799880981445
89646.703125,43175.9765625,43.14799880981445
89640.5703125,43168.71484375,43.14799880981445
89646.703125,43175.9765625,43.14799880981445
89648.3203125,43176.1015625,43.14799880981445
89640.5703125,43168.71484375,43.14799880981445
89648.3203125,43176.1015625,43.14799880981445
89649.5078125,43176.2109375,43.14799880981445
89640.5703125,43168.71484375,43.14799880981445
89649.5078125,43176.2109375,43.14799880981445
89650.734375,43176.33203125,43.14799880981445
89640.5703125,43168.71484375,43.14799880981445
89650.734375,43176.33203125,43.14799880981445
89651.7421875,43176.4765625,43.14799880981445
89640.5703125,43168.71484375,43.14799880981445
89651.7421875,43176.4765625,43.14799880981445
89652.9375,43176.8125,43.14799880981445
89640.5703125,43168.71484375,43.14799880981445
89652.9375,43176.8125,43.14799880981445
89654.3125,43177.4375,43.14799880981445
89654.3125,43177.4375,43.14799880981445
89655.3203125,43178.12890625,43.14799880981445
89656.140625,43178.68359375,43.14799880981445
89654.3125,43177.4375,43.14799880981445
89656.140625,43178.68359375,43.14799880981445
89656.96875,43179.1796875,43.14799880981445
89654.3125,43177.4375,43.14799880981445
89656.96875,43179.1796875,43.14799880981445
89657.7109375,43179.5078125,43.14799880981445
89640.5703125,43168.71484375,43.14799880981445
89654.3125,43177.4375,43.14799880981445
89657.7109375,43179.5078125,43.14799880981445
89640.5703125,43168.71484375,43.14799880981445
89657.7109375,43179.5078125,43.14799880981445
89658.8984375,43180.12890625,43.14799880981445
89640.5703125,43168.71484375,43.14799880981445
89658.8984375,43180.12890625,43.14799880981445
89659.4921875,43180.4765625,43.14799880981445
89667.5859375,43185.30078125,43.14799880981445
89640.5703125,43168.71484375,43.14799880981445
89659.4921875,43180.4765625,43.14799880981445
89667.5859375,43185.30078125,43.14799880981445
89659.4921875,43180.4765625,43.14799880981445
89660.0078125,43181.04296875,43.14799880981445
89667.5859375,43185.30078125,43.14799880981445
89660.0078125,43181.04296875,43.14799880981445
89660.15625,43181.75390625,43.14780044555664
89667.5859375,43185.30078125,43.14799880981445
89660.15625,43181.75390625,43.14780044555664
89660.203125,43182.29296875,43.147499084472656
89667.5859375,43185.30078125,43.14799880981445
89660.203125,43182.29296875,43.147499084472656
89660.109375,43182.8203125,43.147300720214844
89667.5859375,43185.30078125,43.14799880981445
89660.109375,43182.8203125,43.147300720214844
89659.8671875,43183.41796875,43.14699935913086
89667.5859375,43185.30078125,43.14799880981445
89659.8671875,43183.41796875,43.14699935913086
89659.2421875,43183.98828125,43.14690017700195
89667.5859375,43185.30078125,43.14799880981445
89659.2421875,43183.98828125,43.14690017700195
89658.7734375,43184.28125,43.14680099487305
89667.5859375,43185.30078125,43.14799880981445
89658.7734375,43184.28125,43.14680099487305
89658.4296875,43184.35546875,43.14649963378906
89667.5859375,43185.30078125,43.14799880981445
89658.4296875,43184.35546875,43.14649963378906
89657.8984375,43184.33203125,43.146400451660156
89641.7890625,43183.60546875,43.14799880981445
89667.5859375,43185.30078125,43.14799880981445
89657.8984375,43184.33203125,43.146400451660156
89641.7890625,43183.60546875,43.14799880981445
89657.8984375,43184.33203125,43.146400451660156
89657.2734375,43184.03125,43.14630126953125
89641.7890625,43183.60546875,43.14799880981445
89657.2734375,43184.03125,43.14630126953125
89656.8359375,43183.828125,43.145999908447266
89641.7890625,43183.60546875,43.14799880981445
89656.8359375,43183.828125,43.145999908447266
89656.0,43183.171875,43.145999908447266
89641.7890625,43183.60546875,43.14799880981445
89656.0,43183.171875,43.145999908447266
89655.328125,43182.56640625,43.145999908447266
89641.7890625,43183.60546875,43.14799880981445
89655.328125,43182.56640625,43.145999908447266
89654.546875,43181.91015625,43.145999908447266
89641.7890625,43183.60546875,43.14799880981445
89654.546875,43181.91015625,43.145999908447266
89653.4765625,43181.08203125,43.145999908447266
89640.71875,43183.8203125,43.14799880981445
89641.7890625,43183.60546875,43.14799880981445
89653.4765625,43181.08203125,43.145999908447266
89640.71875,43183.8203125,43.14799880981445
89653.4765625,43181.08203125,43.145999908447266
89652.265625,43180.1875,43.145999908447266
89640.71875,43183.8203125,43.14799880981445
89652.265625,43180.1875,43.145999908447266
89651.0078125,43179.44140625,43.145999908447266
89640.71875,43183.8203125,43.14799880981445
89651.0078125,43179.44140625,43.145999908447266
89649.875,43178.8671875,43.145999908447266
89640.2265625,43184.05078125,43.14799880981445
89640.71875,43183.8203125,43.14799880981445
89649.875,43178.8671875,43.145999908447266
89640.2265625,43184.05078125,43.14799880981445
89649.875,43178.8671875,43.145999908447266
89648.9609375,43178.484375,43.145999908447266
89640.2265625,43184.05078125,43.14799880981445
89648.9609375,43178.484375,43.145999908447266
89647.4296875,43178.0,43.145999908447266
89640.2265625,43184.05078125,43.14799880981445
89647.4296875,43178.0,43.145999908447266
89645.828125,43177.56640625,43.145999908447266
89639.7578125,43184.51953125,43.14799880981445
89640.2265625,43184.05078125,43.14799880981445
89645.828125,43177.56640625,43.145999908447266
89639.7578125,43184.51953125,43.14799880981445
89645.828125,43177.56640625,43.145999908447266
89644.46875,43177.296875,43.145999908447266
89639.171875,43185.3125,43.14799880981445
89639.7578125,43184.51953125,43.14799880981445
89644.46875,43177.296875,43.145999908447266
89639.171875,43185.3125,43.14799880981445
89644.46875,43177.296875,43.145999908447266
89642.9453125,43177.00390625,43.145999908447266
89639.171875,43185.3125,43.14799880981445
89642.9453125,43177.00390625,43.145999908447266
89641.5703125,43176.94921875,43.145999908447266
89639.171875,43185.3125,43.14799880981445
89641.5703125,43176.94921875,43.145999908447266
89640.1875,43176.95703125,43.145999908447266
89639.171875,43185.3125,43.14799880981445
89640.1875,43176.95703125,43.145999908447266
89638.6953125,43177.09375,43.14649963378906
89639.171875,43185.3125,43.14799880981445
89638.6953125,43177.09375,43.14649963378906
89637.484375,43177.4453125,43.14699935913086
89639.171875,43185.3125,43.14799880981445
89637.484375,43177.4453125,43.14699935913086
89636.3359375,43177.79296875,43.147300720214844
89639.171875,43185.3125,43.14799880981445
89636.3359375,43177.79296875,43.147300720214844
89635.671875,43178.26953125,43.147499084472656
89639.171875,43185.3125,43.14799880981445
89635.671875,43178.26953125,43.147499084472656
89635.0390625,43178.75390625,43.14799880981445
89639.171875,43185.3125,43.14799880981445
89635.0390625,43178.75390625,43.14799880981445
89634.09375,43179.53515625,43.14799880981445
89639.171875,43185.3125,43.14799880981445
89634.09375,43179.53515625,43.14799880981445
89633.3828125,43180.5078125,43.14799880981445
89639.171875,43185.3125,43.14799880981445
89633.3828125,43180.5078125,43.14799880981445
89632.921875,43181.40234375,43.14799880981445
89639.171875,43185.3125,43.14799880981445
89632.921875,43181.40234375,43.14799880981445
89632.546875,43182.13671875,43.14799880981445
89639.171875,43185.3125,43.14799880981445
89632.546875,43182.13671875,43.14799880981445
89632.1875,43182.94921875,43.14799880981445
89639.171875,43185.3125,43.14799880981445
89632.1875,43182.94921875,43.14799880981445
89631.8125,43183.65625,43.14799880981445
89639.171875,43185.3125,43.14799880981445
89631.8125,43183.65625,43.14799880981445
89631.484375,43184.3359375,43.14799880981445
89639.171875,43185.3125,43.14799880981445
89631.484375,43184.3359375,43.14799880981445
89631.0234375,43184.87890625,43.14799880981445
89639.171875,43185.3125,43.14799880981445
89631.0234375,43184.87890625,43.14799880981445
89630.4765625,43185.24609375,43.14799880981445
89639.171875,43185.3125,43.14799880981445
89630.4765625,43185.24609375,43.14799880981445
89629.8984375,43185.41796875,43.14799880981445
89639.171875,43185.3125,43.14799880981445
89629.8984375,43185.41796875,43.14799880981445
89629.2734375,43185.45703125,43.14799880981445
89616.6328125,43186.10546875,43.14799880981445
89639.171875,43185.3125,43.14799880981445
89629.2734375,43185.45703125,43.14799880981445
89616.6328125,43186.10546875,43.14799880981445
89629.2734375,43185.45703125,43.14799880981445
89628.890625,43185.37109375,43.14799880981445
89616.6328125,43186.10546875,43.14799880981445
89628.890625,43185.37109375,43.14799880981445
89628.28125,43185.16796875,43.14799880981445
89616.6328125,43186.10546875,43.14799880981445
89628.28125,43185.16796875,43.14799880981445
89627.8203125,43184.86328125,43.14799880981445
89616.6328125,43186.10546875,43.14799880981445
89627.8203125,43184.86328125,43.14799880981445
89627.375,43184.44921875,43.14799880981445
89616.6328125,43186.10546875,43.14799880981445
89627.375,43184.44921875,43.14799880981445
89626.7109375,43183.9375,43.14799880981445
89616.6328125,43186.10546875,43.14799880981445
89626.7109375,43183.9375,43.14799880981445
89625.5859375,43183.2265625,43.14799880981445
89616.6328125,43186.10546875,43.14799880981445
89625.5859375,43183.2265625,43.14799880981445
89625.0,43182.84765625,43.14799880981445
89616.6328125,43186.10546875,43.14799880981445
89625.0,43182.84765625,43.14799880981445
89624.2265625,43182.38671875,43.14799880981445
89616.6328125,43186.10546875,43.14799880981445
89624.2265625,43182.38671875,43.14799880981445
89623.578125,43181.90625,43.14799880981445
89616.6328125,43186.10546875,43.14799880981445
89623.578125,43181.90625,43.14799880981445
89623.140625,43181.11328125,43.14799880981445
89616.6328125,43186.10546875,43.14799880981445
89623.140625,43181.11328125,43.14799880981445
89622.9765625,43180.3984375,43.14799880981445
89616.6328125,43186.10546875,43.14799880981445
89622.9765625,43180.3984375,43.14799880981445
89622.9765625,43179.19140625,43.14799880981445
89616.6328125,43186.10546875,43.14799880981445
89622.9765625,43179.19140625,43.14799880981445
89623.25,43178.46875,43.14799880981445
89644.0,43142.9140625,43.14699935913086
89616.6328125,43186.10546875,43.14799880981445
89623.25,43178.46875,43.14799880981445
89644.0,43142.9140625,43.14699935913086
89623.25,43178.46875,43.14799880981445
89623.7421875,43177.80078125,43.14799880981445
89644.0,43142.9140625,43.14699935913086
89623.7421875,43177.80078125,43.14799880981445
89624.46875,43177.203125,43.14799880981445
89644.0,43142.9140625,43.14699935913086
89624.46875,43177.203125,43.14799880981445
89625.1484375,43176.90234375,43.14799880981445
89644.0,43142.9140625,43.14699935913086
89625.1484375,43176.90234375,43.14799880981445
89625.8828125,43176.75,43.14799880981445
89644.0,43142.9140625,43.14699935913086
89625.8828125,43176.75,43.14799880981445
89627.2890625,43176.765625,43.14799880981445
89644.0,43142.9140625,43.14699935913086
89627.2890625,43176.765625,43.14799880981445
89628.21875,43176.7421875,43.14799880981445
89644.3359375,43142.21875,43.14649963378906
89644.0,43142.9140625,43.14699935913086
89628.21875,43176.7421875,43.14799880981445
89644.3359375,43142.21875,43.14649963378906
89628.21875,43176.7421875,43.14799880981445
89629.1171875,43176.5078125,43.14799880981445
89644.3359375,43142.21875,43.14649963378906
89629.1171875,43176.5078125,43.14799880981445
89629.984375,43175.8203125,43.14799880981445
89644.3359375,43142.21875,43.14649963378906
89629.984375,43175.8203125,43.14799880981445
89630.7265625,43175.04296875,43.14799880981445
89644.3359375,43142.21875,43.14649963378906
89630.7265625,43175.04296875,43.14799880981445
89631.203125,43174.16796875,43.14799880981445
89644.3359375,43142.21875,43.14649963378906
89631.203125,43174.16796875,43.14799880981445
89631.5859375,43173.35546875,43.14799880981445
89644.3359375,43142.21875,43.14649963378906
89631.5859375,43173.35546875,43.14799880981445
89632.234375,43172.26171875,43.14799880981445
89644.3359375,43142.21875,43.14649963378906
89632.234375,43172.26171875,43.14799880981445
89633.046875,43171.109375,43.14799880981445
89644.3359375,43142.21875,43.14649963378906
89633.046875,43171.109375,43.14799880981445
89633.5625,43170.4453125,43.14799880981445
89644.3359375,43142.21875,43.14649963378906
89633.5625,43170.4453125,43.14799880981445
89634.4375,43169.49609375,43.14799880981445
89644.3359375,43142.21875,43.14649963378906
89634.4375,43169.49609375,43.14799880981445
89636.6796875,43166.09765625,43.14799880981445
89644.3359375,43142.21875,43.14649963378906
89636.6796875,43166.09765625,43.14799880981445
89637.8828125,43164.26953125,43.14799880981445
89644.3359375,43142.21875,43.14649963378906
89637.8828125,43164.26953125,43.14799880981445
89639.0703125,43162.4453125,43.14799880981445
89644.3359375,43142.21875,43.14649963378906
89639.0703125,43162.4453125,43.14799880981445
89640.546875,43160.17578125,43.14799880981445
89644.3359375,43142.21875,43.14649963378906
89640.546875,43160.17578125,43.14799880981445
89641.5,43158.7578125,43.14799880981445
89644.3359375,43142.21875,43.14649963378906
89641.5,43158.7578125,43.14799880981445
89642.828125,43156.61328125,43.14799880981445
89644.40625,43141.73046875,43.145999908447266
89644.3359375,43142.21875,43.14649963378906
89642.828125,43156.61328125,43.14799880981445
89644.40625,43141.73046875,43.145999908447266
89642.828125,43156.61328125,43.14799880981445
89643.78125,43155.171875,43.14799880981445
89644.4609375,43141.125,43.14630126953125
89644.40625,43141.73046875,43.145999908447266
89643.78125,43155.171875,43.14799880981445
89644.4609375,43141.125,43.14630126953125
89643.78125,43155.171875,43.14799880981445
89645.2265625,43153.19140625,43.14799880981445
89644.4609375,43141.125,43.14630126953125
89645.2265625,43153.19140625,43.14799880981445
89646.21875,43151.453125,43.14799880981445
89644.4609375,43141.125,43.14630126953125
89646.21875,43151.453125,43.14799880981445
89647.234375,43149.796875,43.14789962768555
89644.4609375,43141.125,43.14630126953125
89647.234375,43149.796875,43.14789962768555
89648.140625,43148.31640625,43.14780044555664
89644.2421875,43140.51171875,43.14649963378906
89644.4609375,43141.125,43.14630126953125
89648.140625,43148.31640625,43.14780044555664
89644.2421875,43140.51171875,43.14649963378906
89648.140625,43148.31640625,43.14780044555664
89649.1171875,43146.5625,43.147499084472656
89643.9296875,43140.0390625,43.14680099487305
89644.2421875,43140.51171875,43.14649963378906
89649.1171875,43146.5625,43.147499084472656
89643.9296875,43140.0390625,43.14680099487305
89649.1171875,43146.5625,43.147499084472656
89649.9140625,43145.41796875,43.14699935913086
89643.9296875,43140.0390625,43.14680099487305
89649.9140625,43145.41796875,43.14699935913086
89650.8203125,43143.8125,43.145999908447266
89643.3828125,43139.69140625,43.14699935913086
89643.9296875,43140.0390625,43.14680099487305
89650.8203125,43143.8125,43.145999908447266
89643.3828125,43139.69140625,43.14699935913086
89650.8203125,43143.8125,43.145999908447266
89651.296875,43142.4609375,43.130001068115234
89643.3828125,43139.69140625,43.14699935913086
89651.296875,43142.4609375,43.130001068115234
89651.4921875,43141.265625,43.11399841308594
89642.7734375,43139.48046875,43.147300720214844
89643.3828125,43139.69140625,43.14699935913086
89651.4921875,43141.265625,43.11399841308594
89642.7734375,43139.48046875,43.147300720214844
89651.4921875,43141.265625,43.11399841308594
89651.265625,43138.8671875,43.097999572753906
89642.7734375,43139.48046875,43.147300720214844
89651.265625,43138.8671875,43.097999572753906
89650.71875,43137.0,43.082000732421875
89642.046875,43139.57421875,43.147499084472656
89642.7734375,43139.48046875,43.147300720214844
89650.71875,43137.0,43.082000732421875
89642.046875,43139.57421875,43.147499084472656
89650.71875,43137.0,43.082000732421875
89649.75,43135.41015625,43.082000732421875
89641.515625,43139.84375,43.14780044555664
89642.046875,43139.57421875,43.147499084472656
89649.75,43135.41015625,43.082000732421875
89641.515625,43139.84375,43.14780044555664
89649.75,43135.41015625,43.082000732421875
89648.6015625,43134.25390625,43.082000732421875
89641.0,43140.25,43.14799880981445
89641.515625,43139.84375,43.14780044555664
89648.6015625,43134.25390625,43.082000732421875
89641.0,43140.25,43.14799880981445
89648.6015625,43134.25390625,43.082000732421875
89646.4296875,43132.8359375,43.082000732421875
89641.0,43140.25,43.14799880981445
89646.4296875,43132.8359375,43.082000732421875
89644.6171875,43132.29296875,43.082000732421875
89640.4921875,43140.96484375,43.14799880981445
89641.0,43140.25,43.14799880981445
89644.6171875,43132.29296875,43.082000732421875
89637.7734375,43145.3359375,43.14799880981445
89640.4921875,43140.96484375,43.14799880981445
89644.6171875,43132.29296875,43.082000732421875
89636.5546875,43147.44140625,43.14799880981445
89637.7734375,43145.3359375,43.14799880981445
89644.6171875,43132.29296875,43.082000732421875
89636.5546875,43147.44140625,43.14799880981445
89644.6171875,43132.29296875,43.082000732421875
89642.6953125,43132.0078125,43.0984992980957
89634.203125,43151.91796875,43.14799880981445
89636.5546875,43147.44140625,43.14799880981445
89642.6953125,43132.0078125,43.0984992980957
89632.7421875,43154.87109375,43.14799880981445
89634.203125,43151.91796875,43.14799880981445
89642.6953125,43132.0078125,43.0984992980957
89632.7421875,43154.87109375,43.14799880981445
89642.6953125,43132.0078125,43.0984992980957
89640.984375,43132.1953125,43.1150016784668
89632.7421875,43154.87109375,43.14799880981445
89640.984375,43132.1953125,43.1150016784668
89639.65625,43132.53125,43.12329864501953
89632.7421875,43154.87109375,43.14799880981445
89639.65625,43132.53125,43.12329864501953
89638.6171875,43133.1015625,43.131500244140625
89632.7421875,43154.87109375,43.14799880981445
89638.6171875,43133.1015625,43.131500244140625
89637.6796875,43133.8203125,43.139801025390625
89632.7421875,43154.87109375,43.14799880981445
89637.6796875,43133.8203125,43.139801025390625
89637.015625,43134.56640625,43.14799880981445
89632.7421875,43154.87109375,43.14799880981445
89637.015625,43134.56640625,43.14799880981445
89635.4375,43136.68359375,43.14799880981445
89632.7421875,43154.87109375,43.14799880981445
89635.4375,43136.68359375,43.14799880981445
89634.078125,43138.8203125,43.14799880981445
89632.7421875,43154.87109375,43.14799880981445
89634.078125,43138.8203125,43.14799880981445
89633.265625,43140.03515625,43.14799880981445
89632.7421875,43154.87109375,43.14799880981445
89633.265625,43140.03515625,43.14799880981445
89632.0546875,43141.84375,43.14799880981445
89632.7421875,43154.87109375,43.14799880981445
89632.0546875,43141.84375,43.14799880981445
89631.3515625,43143.20703125,43.14799880981445
89632.7421875,43154.87109375,43.14799880981445
89631.3515625,43143.20703125,43.14799880981445
89630.0390625,43145.17578125,43.14799880981445
89632.7421875,43154.87109375,43.14799880981445
89630.0390625,43145.17578125,43.14799880981445
89629.2578125,43146.3984375,43.14799880981445
89632.7421875,43154.87109375,43.14799880981445
89629.2578125,43146.3984375,43.14799880981445
89628.3359375,43147.92578125,43.14799880981445
89632.7421875,43154.87109375,43.14799880981445
89628.3359375,43147.92578125,43.14799880981445
89627.2578125,43149.671875,43.14799880981445
89632.7421875,43154.87109375,43.14799880981445
89627.2578125,43149.671875,43.14799880981445
89626.0390625,43151.6953125,43.14799880981445
89632.7421875,43154.87109375,43.14799880981445
89626.0390625,43151.6953125,43.14799880981445
89625.15625,43153.08203125,43.14799880981445
89632.7421875,43154.87109375,43.14799880981445
89625.15625,43153.08203125,43.14799880981445
89623.8671875,43155.08984375,43.14799880981445
89632.7421875,43154.87109375,43.14799880981445
89623.8671875,43155.08984375,43.14799880981445
89622.796875,43156.67578125,43.14799880981445
89632.7421875,43154.87109375,43.14799880981445
89622.796875,43156.67578125,43.14799880981445
89621.4921875,43158.734375,43.14799880981445
89632.7421875,43154.87109375,43.14799880981445
89621.4921875,43158.734375,43.14799880981445
89619.9453125,43161.3046875,43.14799880981445
89632.7421875,43154.87109375,43.14799880981445
89619.9453125,43161.3046875,43.14799880981445
89619.5078125,43162.15234375,43.14799880981445
89632.7421875,43154.87109375,43.14799880981445
89619.5078125,43162.15234375,43.14799880981445
89618.921875,43162.8984375,43.14799880981445
89632.7421875,43154.87109375,43.14799880981445
89618.921875,43162.8984375,43.14799880981445
89618.34375,43163.29296875,43.14799880981445
89610.828125,43167.859375,43.14799880981445
89632.7421875,43154.87109375,43.14799880981445
89618.34375,43163.29296875,43.14799880981445
89610.828125,43167.859375,43.14799880981445
89618.34375,43163.29296875,43.14799880981445
89617.71875,43163.390625,43.14799880981445
89610.828125,43167.859375,43.14799880981445
89617.71875,43163.390625,43.14799880981445
89617.296875,43163.234375,43.14799880981445
89610.828125,43167.859375,43.14799880981445
89617.296875,43163.234375,43.14799880981445
89616.8125,43162.9921875,43.14799880981445
89610.828125,43167.859375,43.14799880981445
89616.8125,43162.9921875,43.14799880981445
89616.4140625,43162.51953125,43.14799880981445
89610.828125,43167.859375,43.14799880981445
89616.4140625,43162.51953125,43.14799880981445
89616.203125,43161.91015625,43.14799880981445
89610.828125,43167.859375,43.14799880981445
89616.203125,43161.91015625,43.14799880981445
89616.1015625,43161.47265625,43.14799880981445
89610.828125,43167.859375,43.14799880981445
89616.1015625,43161.47265625,43.14799880981445
89616.125,43160.9921875,43.14799880981445
89610.828125,43167.859375,43.14799880981445
89616.125,43160.9921875,43.14799880981445
89616.4140625,43160.37109375,43.14799880981445
89610.828125,43167.859375,43.14799880981445
89616.4140625,43160.37109375,43.14799880981445
89616.8125,43159.734375,43.14799880981445
89610.828125,43167.859375,43.14799880981445
89616.8125,43159.734375,43.14799880981445
89617.3359375,43158.83203125,43.14799880981445
89610.828125,43167.859375,43.14799880981445
89617.3359375,43158.83203125,43.14799880981445
89618.5859375,43156.98046875,43.14799880981445
89610.828125,43167.859375,43.14799880981445
89618.5859375,43156.98046875,43.14799880981445
89619.890625,43154.87109375,43.14799880981445
89610.828125,43167.859375,43.14799880981445
89619.890625,43154.87109375,43.14799880981445
89620.9296875,43153.30078125,43.14799880981445
89610.828125,43167.859375,43.14799880981445
89620.9296875,43153.30078125,43.14799880981445
89622.5234375,43150.671875,43.14799880981445
89610.828125,43167.859375,43.14799880981445
89622.5234375,43150.671875,43.14799880981445
89624.1796875,43148.14453125,43.14799880981445
89610.828125,43167.859375,43.14799880981445
89624.1796875,43148.14453125,43.14799880981445
89625.6875,43145.62890625,43.14799880981445
89610.828125,43167.859375,43.14799880981445
89625.6875,43145.62890625,43.14799880981445
89627.3203125,43143.140625,43.14799880981445
89610.828125,43167.859375,43.14799880981445
89627.3203125,43143.140625,43.14799880981445
89629.8359375,43139.1875,43.14799880981445
89610.828125,43167.859375,43.14799880981445
89629.8359375,43139.1875,43.14799880981445
89631.6171875,43136.36328125,43.14799880981445
89610.828125,43167.859375,43.14799880981445
89631.6171875,43136.36328125,43.14799880981445
89633.0234375,43134.0859375,43.14799880981445
89636.9765625,43128.0390625,43.14799880981445
89610.828125,43167.859375,43.14799880981445
89633.0234375,43134.0859375,43.14799880981445
89636.9765625,43128.0390625,43.14799880981445
89633.0234375,43134.0859375,43.14799880981445
89634.484375,43131.8984375,43.14799880981445
89636.9765625,43128.0390625,43.14799880981445
89634.484375,43131.8984375,43.14799880981445
89635.7578125,43129.9296875,43.14799880981445
